regionCode,region,countryCode,country,year,estimate,p.estimate,lowerB,upperB
AFR,Africa,AGO,Angola,2023,320 000 [280 000 - 380 000],320000,280000,380000
AFR,Africa,AGO,Angola,2022,320 000 [280 000 - 380 000],320000,280000,380000
AFR,Africa,AGO,Angola,2021,320 000 [280 000 - 380 000],320000,280000,380000
AFR,Africa,AGO,Angola,2020,320 000 [280 000 - 370 000],320000,280000,370000
AFR,Africa,AGO,Angola,2015,300 000 [260 000 - 350 000],300000,260000,350000
AFR,Africa,AGO,Angola,2010,250 000 [220 000 - 290 000],250000,220000,290000
AFR,Africa,AGO,Angola,2005,190 000 [160 000 - 220 000],190000,160000,220000
AFR,Africa,AGO,Angola,2000,140 000 [110 000 - 160 000],140000,110000,160000
AFR,Africa,BDI,Burundi,2023,81 000 [73 000 - 93 000],81000,73000,93000
AFR,Africa,BDI,Burundi,2022,82 000 [73 000 - 94 000],82000,73000,94000
AFR,Africa,BDI,Burundi,2021,82 000 [73 000 - 94 000],82000,73000,94000
AFR,Africa,BDI,Burundi,2020,82 000 [74 000 - 94 000],82000,74000,94000
AFR,Africa,BDI,Burundi,2015,85 000 [76 000 - 97 000],85000,76000,97000
AFR,Africa,BDI,Burundi,2010,94 000 [84 000 - 110 000],94000,84000,110000
AFR,Africa,BDI,Burundi,2005,100 000 [88 000 - 110 000],100000,88000,110000
AFR,Africa,BDI,Burundi,2000,120 000 [100 000 - 140 000],120000,100000,140000
AFR,Africa,BEN,Benin,2023,68 000 [57 000 - 82 000],68000,57000,82000
AFR,Africa,BEN,Benin,2022,68 000 [57 000 - 83 000],68000,57000,83000
AFR,Africa,BEN,Benin,2021,69 000 [58 000 - 84 000],69000,58000,84000
AFR,Africa,BEN,Benin,2020,69 000 [59 000 - 84 000],69000,59000,84000
AFR,Africa,BEN,Benin,2015,71 000 [61 000 - 84 000],71000,61000,84000
AFR,Africa,BEN,Benin,2010,68 000 [58 000 - 80 000],68000,58000,80000
AFR,Africa,BEN,Benin,2005,66 000 [57 000 - 77 000],66000,57000,77000
AFR,Africa,BEN,Benin,2000,63 000 [53 000 - 74 000],63000,53000,74000
AFR,Africa,BFA,Burkina Faso,2023,95 000 [84 000 - 110 000],95000,84000,110000
AFR,Africa,BFA,Burkina Faso,2022,97 000 [86 000 - 110 000],97000,86000,110000
AFR,Africa,BFA,Burkina Faso,2021,99 000 [88 000 - 110 000],99000,88000,110000
AFR,Africa,BFA,Burkina Faso,2020,100 000 [89 000 - 120 000],100000,89000,120000
AFR,Africa,BFA,Burkina Faso,2015,110 000 [97 000 - 130 000],110000,97000,130000
AFR,Africa,BFA,Burkina Faso,2010,120 000 [100 000 - 140 000],120000,100000,140000
AFR,Africa,BFA,Burkina Faso,2005,130 000 [110 000 - 150 000],130000,110000,150000
AFR,Africa,BFA,Burkina Faso,2000,150 000 [120 000 - 170 000],150000,120000,170000
AFR,Africa,BWA,Botswana,2023,360 000 [340 000 - 380 000],360000,340000,380000
AFR,Africa,BWA,Botswana,2022,360 000 [340 000 - 380 000],360000,340000,380000
AFR,Africa,BWA,Botswana,2021,360 000 [340 000 - 380 000],360000,340000,380000
AFR,Africa,BWA,Botswana,2020,360 000 [340 000 - 380 000],360000,340000,380000
AFR,Africa,BWA,Botswana,2015,350 000 [330 000 - 370 000],350000,330000,370000
AFR,Africa,BWA,Botswana,2010,320 000 [310 000 - 340 000],320000,310000,340000
AFR,Africa,BWA,Botswana,2005,300 000 [280 000 - 310 000],300000,280000,310000
AFR,Africa,BWA,Botswana,2000,270 000 [260 000 - 290 000],270000,260000,290000
AFR,Africa,CIV,Cote d'Ivoire,2023,420 000 [370 000 - 480 000],420000,370000,480000
AFR,Africa,CIV,Cote d'Ivoire,2022,430 000 [380 000 - 490 000],430000,380000,490000
AFR,Africa,CIV,Cote d'Ivoire,2021,430 000 [390 000 - 490 000],430000,390000,490000
AFR,Africa,CIV,Cote d'Ivoire,2020,440 000 [390 000 - 490 000],440000,390000,490000
AFR,Africa,CIV,Cote d'Ivoire,2015,460 000 [420 000 - 510 000],460000,420000,510000
AFR,Africa,CIV,Cote d'Ivoire,2010,520 000 [470 000 - 570 000],520000,470000,570000
AFR,Africa,CIV,Cote d'Ivoire,2005,610 000 [550 000 - 690 000],610000,550000,690000
AFR,Africa,CIV,Cote d'Ivoire,2000,720 000 [630 000 - 820 000],720000,630000,820000
AFR,Africa,COD,Democratic Republic of the Congo,2023,520 000 [410 000 - 640 000],520000,410000,640000
AFR,Africa,COD,Democratic Republic of the Congo,2022,510 000 [410 000 - 630 000],510000,410000,630000
AFR,Africa,COD,Democratic Republic of the Congo,2021,510 000 [410 000 - 610 000],510000,410000,610000
AFR,Africa,COD,Democratic Republic of the Congo,2020,500 000 [410 000 - 600 000],500000,410000,600000
AFR,Africa,COD,Democratic Republic of the Congo,2015,490 000 [410 000 - 600 000],490000,410000,600000
AFR,Africa,COD,Democratic Republic of the Congo,2010,530 000 [450 000 - 640 000],530000,450000,640000
AFR,Africa,COD,Democratic Republic of the Congo,2005,570 000 [470 000 - 710 000],570000,470000,710000
AFR,Africa,COD,Democratic Republic of the Congo,2000,610 000 [490 000 - 760 000],610000,490000,760000
AFR,Africa,COG,Congo,2023,120 000 [98 000 - 170 000],120000,98000,170000
AFR,Africa,COG,Congo,2022,120 000 [96 000 - 160 000],120000,96000,160000
AFR,Africa,COG,Congo,2021,120 000 [96 000 - 160 000],120000,96000,160000
AFR,Africa,COG,Congo,2020,120 000 [94 000 - 150 000],120000,94000,150000
AFR,Africa,COG,Congo,2015,100 000 [89 000 - 120 000],100000,89000,120000
AFR,Africa,COG,Congo,2010,95 000 [84 000 - 110 000],95000,84000,110000
AFR,Africa,COG,Congo,2005,85 000 [75 000 - 96 000],85000,75000,96000
AFR,Africa,COG,Congo,2000,86 000 [73 000 - 98 000],86000,73000,98000
AFR,Africa,COM,Comoros,2023,<200 [<100 - <500],200,0,200
AFR,Africa,COM,Comoros,2022,<200 [<100 - <500],200,0,200
AFR,Africa,COM,Comoros,2021,<200 [<100 - <500],200,0,200
AFR,Africa,COM,Comoros,2020,<200 [<100 - <500],200,0,200
AFR,Africa,COM,Comoros,2015,<200 [<100 - <500],200,0,200
AFR,Africa,COM,Comoros,2010,<200 [<100 - <200],200,0,200
AFR,Africa,COM,Comoros,2005,<100 [<100 - <200],100,0,200
AFR,Africa,COM,Comoros,2000,<100 [<100 - <200],100,0,200
AFR,Africa,CPV,Cabo Verde,2023,4000 [3400 - 4800],4000,3400,4800
AFR,Africa,CPV,Cabo Verde,2022,3800 [3300 - 4600],3800,3300,4600
AFR,Africa,CPV,Cabo Verde,2021,3700 [3200 - 4400],3700,3200,4400
AFR,Africa,CPV,Cabo Verde,2020,3500 [3100 - 4200],3500,3100,4200
AFR,Africa,CPV,Cabo Verde,2015,2700 [2500 - 3200],2700,2500,3200
AFR,Africa,CPV,Cabo Verde,2010,2200 [1900 - 2500],2200,1900,2500
AFR,Africa,CPV,Cabo Verde,2005,1800 [1600 - 2100],1800,1600,2100
AFR,Africa,CPV,Cabo Verde,2000,1500 [1200 - 1800],1500,1200,1800
AFR,Africa,DZA,Algeria,2023,26 000 [23 000 - 29 000],26000,23000,29000
AFR,Africa,DZA,Algeria,2022,24 000 [22 000 - 26 000],24000,22000,26000
AFR,Africa,DZA,Algeria,2021,22 000 [21 000 - 24 000],22000,21000,24000
AFR,Africa,DZA,Algeria,2020,21 000 [19 000 - 22 000],21000,19000,22000
AFR,Africa,DZA,Algeria,2015,15 000 [14 000 - 15 000],15000,14000,15000
AFR,Africa,DZA,Algeria,2010,10 000 [9500 - 11 000],10000,9500,11000
AFR,Africa,DZA,Algeria,2005,5700 [5400 - 6000],5700,5400,6000
AFR,Africa,DZA,Algeria,2000,2400 [2300 - 2500],2400,2300,2500
AFR,Africa,ERI,Eritrea,2023,13 000 [11 000 - 16 000],13000,11000,16000
AFR,Africa,ERI,Eritrea,2022,13 000 [11 000 - 17 000],13000,11000,17000
AFR,Africa,ERI,Eritrea,2021,14 000 [11 000 - 17 000],14000,11000,17000
AFR,Africa,ERI,Eritrea,2020,14 000 [11 000 - 18 000],14000,11000,18000
AFR,Africa,ERI,Eritrea,2015,17 000 [13 000 - 21 000],17000,13000,21000
AFR,Africa,ERI,Eritrea,2010,21 000 [15 000 - 26 000],21000,15000,26000
AFR,Africa,ERI,Eritrea,2005,25 000 [18 000 - 32 000],25000,18000,32000
AFR,Africa,ERI,Eritrea,2000,27 000 [19 000 - 37 000],27000,19000,37000
AFR,Africa,ETH,Ethiopia,2023,610 000 [510 000 - 730 000],610000,510000,730000
AFR,Africa,ETH,Ethiopia,2022,610 000 [510 000 - 740 000],610000,510000,740000
AFR,Africa,ETH,Ethiopia,2021,620 000 [520 000 - 750 000],620000,520000,750000
AFR,Africa,ETH,Ethiopia,2020,620 000 [520 000 - 760 000],620000,520000,760000
AFR,Africa,ETH,Ethiopia,2015,650 000 [540 000 - 790 000],650000,540000,790000
AFR,Africa,ETH,Ethiopia,2010,660 000 [550 000 - 800 000],660000,550000,800000
AFR,Africa,ETH,Ethiopia,2005,720 000 [600 000 - 870 000],720000,600000,870000
AFR,Africa,ETH,Ethiopia,2000,860 000 [720 000 - 1 000 000],860000,720000,1000000
AFR,Africa,GAB,Gabon,2023,51 000 [44 000 - 65 000],51000,44000,65000
AFR,Africa,GAB,Gabon,2022,52 000 [44 000 - 64 000],52000,44000,64000
AFR,Africa,GAB,Gabon,2021,52 000 [45 000 - 63 000],52000,45000,63000
AFR,Africa,GAB,Gabon,2020,52 000 [45 000 - 63 000],52000,45000,63000
AFR,Africa,GAB,Gabon,2015,52 000 [45 000 - 60 000],52000,45000,60000
AFR,Africa,GAB,Gabon,2010,47 000 [39 000 - 56 000],47000,39000,56000
AFR,Africa,GAB,Gabon,2005,41 000 [31 000 - 52 000],41000,31000,52000
AFR,Africa,GAB,Gabon,2000,34 000 [22 000 - 48 000],34000,22000,48000
AFR,Africa,GHA,Ghana,2023,330 000 [280 000 - 390 000],330000,280000,390000
AFR,Africa,GHA,Ghana,2022,330 000 [280 000 - 390 000],330000,280000,390000
AFR,Africa,GHA,Ghana,2021,330 000 [280 000 - 380 000],330000,280000,380000
AFR,Africa,GHA,Ghana,2020,330 000 [280 000 - 380 000],330000,280000,380000
AFR,Africa,GHA,Ghana,2015,310 000 [270 000 - 360 000],310000,270000,360000
AFR,Africa,GHA,Ghana,2010,300 000 [250 000 - 340 000],300000,250000,340000
AFR,Africa,GHA,Ghana,2005,300 000 [260 000 - 340 000],300000,260000,340000
AFR,Africa,GHA,Ghana,2000,280 000 [250 000 - 320 000],280000,250000,320000
AFR,Africa,GIN,Guinea,2023,130 000 [110 000 - 150 000],130000,110000,150000
AFR,Africa,GIN,Guinea,2022,120 000 [110 000 - 140 000],120000,110000,140000
AFR,Africa,GIN,Guinea,2021,120 000 [110 000 - 140 000],120000,110000,140000
AFR,Africa,GIN,Guinea,2020,120 000 [110 000 - 140 000],120000,110000,140000
AFR,Africa,GIN,Guinea,2015,120 000 [100 000 - 130 000],120000,100000,130000
AFR,Africa,GIN,Guinea,2010,100 000 [92 000 - 120 000],100000,92000,120000
AFR,Africa,GIN,Guinea,2005,90 000 [77 000 - 110 000],90000,77000,110000
AFR,Africa,GIN,Guinea,2000,73 000 [60 000 - 91 000],73000,60000,91000
AFR,Africa,GMB,Gambia,2023,26 000 [21 000 - 34 000],26000,21000,34000
AFR,Africa,GMB,Gambia,2022,27 000 [21 000 - 34 000],27000,21000,34000
AFR,Africa,GMB,Gambia,2021,27 000 [21 000 - 34 000],27000,21000,34000
AFR,Africa,GMB,Gambia,2020,27 000 [21 000 - 34 000],27000,21000,34000
AFR,Africa,GMB,Gambia,2015,26 000 [21 000 - 32 000],26000,21000,32000
AFR,Africa,GMB,Gambia,2010,23 000 [18 000 - 29 000],23000,18000,29000
AFR,Africa,GMB,Gambia,2005,19 000 [15 000 - 25 000],19000,15000,25000
AFR,Africa,GMB,Gambia,2000,13 000 [9700 - 18 000],13000,9700,18000
AFR,Africa,GNB,Guinea-Bissau,2023,34 000 [30 000 - 41 000],34000,30000,41000
AFR,Africa,GNB,Guinea-Bissau,2022,35 000 [30 000 - 41 000],35000,30000,41000
AFR,Africa,GNB,Guinea-Bissau,2021,35 000 [31 000 - 41 000],35000,31000,41000
AFR,Africa,GNB,Guinea-Bissau,2020,35 000 [31 000 - 41 000],35000,31000,41000
AFR,Africa,GNB,Guinea-Bissau,2015,37 000 [33 000 - 42 000],37000,33000,42000
AFR,Africa,GNB,Guinea-Bissau,2010,37 000 [33 000 - 42 000],37000,33000,42000
AFR,Africa,GNB,Guinea-Bissau,2005,35 000 [31 000 - 39 000],35000,31000,39000
AFR,Africa,GNB,Guinea-Bissau,2000,25 000 [22 000 - 29 000],25000,22000,29000
AFR,Africa,KEN,Kenya,2023,1 400 000 [1 300 000 - 1 600 000],1400,1300000,1600000
AFR,Africa,KEN,Kenya,2022,1 400 000 [1 300 000 - 1 600 000],1400,1300000,1600000
AFR,Africa,KEN,Kenya,2021,1 400 000 [1 300 000 - 1 600 000],1400,1300000,1600000
AFR,Africa,KEN,Kenya,2020,1 500 000 [1 300 000 - 1 700 000],1500,1300000,1700000
AFR,Africa,KEN,Kenya,2015,1 500 000 [1 300 000 - 1 700 000],1500,1300000,1700000
AFR,Africa,KEN,Kenya,2010,1 500 000 [1 300 000 - 1 700 000],1500,1300000,1700000
AFR,Africa,KEN,Kenya,2005,1 600 000 [1 400 000 - 1 800 000],1600,1400000,1800000
AFR,Africa,KEN,Kenya,2000,1 700 000 [1 600 000 - 2 000 000],1700,1600000,2000000
AFR,Africa,LBR,Liberia,2023,34 000 [28 000 - 42 000],34000,28000,42000
AFR,Africa,LBR,Liberia,2022,34 000 [29 000 - 42 000],34000,29000,42000
AFR,Africa,LBR,Liberia,2021,34 000 [29 000 - 42 000],34000,29000,42000
AFR,Africa,LBR,Liberia,2020,35 000 [29 000 - 42 000],35000,29000,42000
AFR,Africa,LBR,Liberia,2015,38 000 [33 000 - 45 000],38000,33000,45000
AFR,Africa,LBR,Liberia,2010,41 000 [36 000 - 48 000],41000,36000,48000
AFR,Africa,LBR,Liberia,2005,43 000 [38 000 - 51 000],43000,38000,51000
AFR,Africa,LBR,Liberia,2000,47 000 [39 000 - 58 000],47000,39000,58000
AFR,Africa,LSO,Lesotho,2023,270 000 [250 000 - 310 000],270000,250000,310000
AFR,Africa,LSO,Lesotho,2022,270 000 [260 000 - 310 000],270000,260000,310000
AFR,Africa,LSO,Lesotho,2021,280 000 [260 000 - 320 000],280000,260000,320000
AFR,Africa,LSO,Lesotho,2020,280 000 [260 000 - 320 000],280000,260000,320000
AFR,Africa,LSO,Lesotho,2015,300 000 [280 000 - 330 000],300000,280000,330000
AFR,Africa,LSO,Lesotho,2010,280 000 [260 000 - 310 000],280000,260000,310000
AFR,Africa,LSO,Lesotho,2005,250 000 [230 000 - 280 000],250000,230000,280000
AFR,Africa,LSO,Lesotho,2000,220 000 [200 000 - 240 000],220000,200000,240000
AFR,Africa,MDG,Madagascar,2023,76 000 [58 000 - 110 000],76000,58000,110000
AFR,Africa,MDG,Madagascar,2022,69 000 [53 000 - 96 000],69000,53000,96000
AFR,Africa,MDG,Madagascar,2021,62 000 [48 000 - 87 000],62000,48000,87000
AFR,Africa,MDG,Madagascar,2020,57 000 [43 000 - 77 000],57000,43000,77000
AFR,Africa,MDG,Madagascar,2015,36 000 [28 000 - 45 000],36000,28000,45000
AFR,Africa,MDG,Madagascar,2010,23 000 [17 000 - 29 000],23000,17000,29000
AFR,Africa,MDG,Madagascar,2005,11 000 [6800 - 18 000],11000,6800,18000
AFR,Africa,MDG,Madagascar,2000,3500 [1800 - 7200],3500,1800,7200
AFR,Africa,MLI,Mali,2023,120 000 [99 000 - 150 000],120000,99000,150000
AFR,Africa,MLI,Mali,2022,120 000 [100 000 - 150 000],120000,100000,150000
AFR,Africa,MLI,Mali,2021,120 000 [100 000 - 150 000],120000,100000,150000
AFR,Africa,MLI,Mali,2020,120 000 [100 000 - 150 000],120000,100000,150000
AFR,Africa,MLI,Mali,2015,120 000 [100 000 - 140 000],120000,100000,140000
AFR,Africa,MLI,Mali,2010,120 000 [100 000 - 130 000],120000,100000,130000
AFR,Africa,MLI,Mali,2005,110 000 [95 000 - 130 000],110000,95000,130000
AFR,Africa,MLI,Mali,2000,110 000 [91 000 - 130 000],110000,91000,130000
AFR,Africa,MOZ,Mozambique,2023,2 400 000 [2 300 000 - 2 700 000],2400,2300000,2700000
AFR,Africa,MOZ,Mozambique,2022,2 400 000 [2 300 000 - 2 600 000],2400,2300000,2600000
AFR,Africa,MOZ,Mozambique,2021,2 400 000 [2 200 000 - 2 600 000],2400,2200000,2600000
AFR,Africa,MOZ,Mozambique,2020,2 300 000 [2 200 000 - 2 500 000],2300,2200000,2500000
AFR,Africa,MOZ,Mozambique,2015,2 000 000 [1 900 000 - 2 100 000],2000,1900000,2100000
AFR,Africa,MOZ,Mozambique,2010,1 600 000 [1 500 000 - 1 700 000],1600,1500000,1700000
AFR,Africa,MOZ,Mozambique,2005,1 200 000 [1 100 000 - 1 300 000],1200,1100000,1300000
AFR,Africa,MOZ,Mozambique,2000,850 000 [770 000 - 940 000],850000,770000,940000
AFR,Africa,MRT,Mauritania,2023,6400 [5400 - 8100],6400,5400,8100
AFR,Africa,MRT,Mauritania,2022,6300 [5400 - 8000],6300,5400,8000
AFR,Africa,MRT,Mauritania,2021,6300 [5400 - 8000],6300,5400,8000
AFR,Africa,MRT,Mauritania,2020,6400 [5500 - 8000],6400,5500,8000
AFR,Africa,MRT,Mauritania,2015,7300 [6200 - 8700],7300,6200,8700
AFR,Africa,MRT,Mauritania,2010,8800 [7500 - 10 000],8800,7500,10000
AFR,Africa,MRT,Mauritania,2005,9700 [8400 - 11 000],9700,8400,11000
AFR,Africa,MRT,Mauritania,2000,8500 [7000 - 10 000],8500,7000,10000
AFR,Africa,MUS,Mauritius,2023,13 000 [11 000 - 15 000],13000,11000,15000
AFR,Africa,MUS,Mauritius,2022,12 000 [11 000 - 14 000],12000,11000,14000
AFR,Africa,MUS,Mauritius,2021,12 000 [11 000 - 14 000],12000,11000,14000
AFR,Africa,MUS,Mauritius,2020,12 000 [11 000 - 14 000],12000,11000,14000
AFR,Africa,MUS,Mauritius,2015,11 000 [9800 - 12 000],11000,9800,12000
AFR,Africa,MUS,Mauritius,2010,9600 [8500 - 11 000],9600,8500,11000
AFR,Africa,MUS,Mauritius,2005,7800 [6500 - 9100],7800,6500,9100
AFR,Africa,MUS,Mauritius,2000,4000 [2500 - 5200],4000,2500,5200
AFR,Africa,MWI,Malawi,2023,980 000 [930 000 - 1 100 000],980000,930000,1100000
AFR,Africa,MWI,Malawi,2022,990 000 [940 000 - 1 100 000],990000,940000,1100000
AFR,Africa,MWI,Malawi,2021,1000 000 [950 000 - 1 100 000],1000000,950000,1100000
AFR,Africa,MWI,Malawi,2020,1 000 000 [950 000 - 1 100 000],1000,950000,1100000
AFR,Africa,MWI,Malawi,2015,1000 000 [950 000 - 1 100 000],1000000,950000,1100000
AFR,Africa,MWI,Malawi,2010,930 000 [880 000 - 990 000],930000,880000,990000
AFR,Africa,MWI,Malawi,2005,910 000 [860 000 - 970 000],910000,860000,970000
AFR,Africa,MWI,Malawi,2000,950 000 [880 000 - 1 000 000],950000,880000,1000000
AFR,Africa,NAM,Namibia,2023,230 000 [210 000 - 260 000],230000,210000,260000
AFR,Africa,NAM,Namibia,2022,230 000 [210 000 - 260 000],230000,210000,260000
AFR,Africa,NAM,Namibia,2021,230 000 [210 000 - 260 000],230000,210000,260000
AFR,Africa,NAM,Namibia,2020,230 000 [210 000 - 260 000],230000,210000,260000
AFR,Africa,NAM,Namibia,2015,230 000 [210 000 - 250 000],230000,210000,250000
AFR,Africa,NAM,Namibia,2010,210 000 [200 000 - 230 000],210000,200000,230000
AFR,Africa,NAM,Namibia,2005,190 000 [180 000 - 210 000],190000,180000,210000
AFR,Africa,NAM,Namibia,2000,170 000 [160 000 - 190 000],170000,160000,190000
AFR,Africa,NER,Niger,2023,31 000 [28 000 - 35 000],31000,28000,35000
AFR,Africa,NER,Niger,2022,31 000 [28 000 - 35 000],31000,28000,35000
AFR,Africa,NER,Niger,2021,31 000 [28 000 - 35 000],31000,28000,35000
AFR,Africa,NER,Niger,2020,31 000 [28 000 - 34 000],31000,28000,34000
AFR,Africa,NER,Niger,2015,32 000 [30 000 - 35 000],32000,30000,35000
AFR,Africa,NER,Niger,2010,38 000 [34 000 - 42 000],38000,34000,42000
AFR,Africa,NER,Niger,2005,49 000 [44 000 - 55 000],49000,44000,55000
AFR,Africa,NER,Niger,2000,53 000 [47 000 - 61 000],53000,47000,61000
AFR,Africa,NGA,Nigeria,2023,2 000 000 [1 900 000 - 2 300 000],2000,1900000,2300000
AFR,Africa,NGA,Nigeria,2022,2 000 000 [1 900 000 - 2 300 000],2000,1900000,2300000
AFR,Africa,NGA,Nigeria,2021,2 000 000 [1 900 000 - 2 200 000],2000,1900000,2200000
AFR,Africa,NGA,Nigeria,2020,2 000 000 [1 900 000 - 2 200 000],2000,1900000,2200000
AFR,Africa,NGA,Nigeria,2015,1 900 000 [1 800 000 - 2 100 000],1900,1800000,2100000
AFR,Africa,NGA,Nigeria,2010,1 800 000 [1 700 000 - 2 000 000],1800,1700000,2000000
AFR,Africa,NGA,Nigeria,2005,1 700 000 [1 600 000 - 1 900 000],1700,1600000,1900000
AFR,Africa,NGA,Nigeria,2000,1 600 000 [1 400 000 - 1 800 000],1600,1400000,1800000
AFR,Africa,RWA,Rwanda,2023,230 000 [210 000 - 260 000],230000,210000,260000
AFR,Africa,RWA,Rwanda,2022,230 000 [210 000 - 260 000],230000,210000,260000
AFR,Africa,RWA,Rwanda,2021,230 000 [220 000 - 260 000],230000,220000,260000
AFR,Africa,RWA,Rwanda,2020,240 000 [220 000 - 260 000],240000,220000,260000
AFR,Africa,RWA,Rwanda,2015,240 000 [220 000 - 260 000],240000,220000,260000
AFR,Africa,RWA,Rwanda,2010,230 000 [220 000 - 260 000],230000,220000,260000
AFR,Africa,RWA,Rwanda,2005,220 000 [210 000 - 250 000],220000,210000,250000
AFR,Africa,RWA,Rwanda,2000,230 000 [200 000 - 260 000],230000,200000,260000
AFR,Africa,SEN,Senegal,2023,44 000 [39 000 - 52 000],44000,39000,52000
AFR,Africa,SEN,Senegal,2022,42 000 [38 000 - 50 000],42000,38000,50000
AFR,Africa,SEN,Senegal,2021,41 000 [36 000 - 47 000],41000,36000,47000
AFR,Africa,SEN,Senegal,2020,40 000 [36 000 - 46 000],40000,36000,46000
AFR,Africa,SEN,Senegal,2015,40 000 [36 000 - 46 000],40000,36000,46000
AFR,Africa,SEN,Senegal,2010,43 000 [37 000 - 50 000],43000,37000,50000
AFR,Africa,SEN,Senegal,2005,43 000 [36 000 - 50 000],43000,36000,50000
AFR,Africa,SEN,Senegal,2000,37 000 [31 000 - 44 000],37000,31000,44000
AFR,Africa,SLE,Sierra Leone,2023,77 000 [64 000 - 92 000],77000,64000,92000
AFR,Africa,SLE,Sierra Leone,2022,76 000 [64 000 - 90 000],76000,64000,90000
AFR,Africa,SLE,Sierra Leone,2021,75 000 [64 000 - 87 000],75000,64000,87000
AFR,Africa,SLE,Sierra Leone,2020,73 000 [63 000 - 84 000],73000,63000,84000
AFR,Africa,SLE,Sierra Leone,2015,66 000 [58 000 - 75 000],66000,58000,75000
AFR,Africa,SLE,Sierra Leone,2010,59 000 [52 000 - 68 000],59000,52000,68000
AFR,Africa,SLE,Sierra Leone,2005,53 000 [45 000 - 64 000],53000,45000,64000
AFR,Africa,SLE,Sierra Leone,2000,41 000 [32 000 - 53 000],41000,32000,53000
AFR,Africa,SSD,South Sudan,2023,140 000 [120 000 - 170 000],140000,120000,170000
AFR,Africa,SSD,South Sudan,2022,140 000 [120 000 - 170 000],140000,120000,170000
AFR,Africa,SSD,South Sudan,2021,140 000 [120 000 - 170 000],140000,120000,170000
AFR,Africa,SSD,South Sudan,2020,140 000 [120 000 - 170 000],140000,120000,170000
AFR,Africa,SSD,South Sudan,2015,170 000 [130 000 - 210 000],170000,130000,210000
AFR,Africa,SSD,South Sudan,2010,160 000 [130 000 - 210 000],160000,130000,210000
AFR,Africa,SSD,South Sudan,2005,140 000 [100 000 - 180 000],140000,100000,180000
AFR,Africa,SSD,South Sudan,2000,110 000 [72 000 - 140 000],110000,72000,140000
AFR,Africa,SWZ,Eswatini,2023,230 000 [210 000 - 250 000],230000,210000,250000
AFR,Africa,SWZ,Eswatini,2022,230 000 [210 000 - 250 000],230000,210000,250000
AFR,Africa,SWZ,Eswatini,2021,230 000 [220 000 - 250 000],230000,220000,250000
AFR,Africa,SWZ,Eswatini,2020,240 000 [220 000 - 260 000],240000,220000,260000
AFR,Africa,SWZ,Eswatini,2015,230 000 [220 000 - 240 000],230000,220000,240000
AFR,Africa,SWZ,Eswatini,2010,200 000 [190 000 - 210 000],200000,190000,210000
AFR,Africa,SWZ,Eswatini,2005,170 000 [160 000 - 180 000],170000,160000,180000
AFR,Africa,SWZ,Eswatini,2000,130 000 [120 000 - 140 000],130000,120000,140000
AFR,Africa,TCD,Chad,2023,110 000 [94 000 - 140 000],110000,94000,140000
AFR,Africa,TCD,Chad,2022,110 000 [95 000 - 140 000],110000,95000,140000
AFR,Africa,TCD,Chad,2021,110 000 [95 000 - 140 000],110000,95000,140000
AFR,Africa,TCD,Chad,2020,110 000 [96 000 - 140 000],110000,96000,140000
AFR,Africa,TCD,Chad,2015,110 000 [96 000 - 140 000],110000,96000,140000
AFR,Africa,TCD,Chad,2010,110 000 [92 000 - 140 000],110000,92000,140000
AFR,Africa,TCD,Chad,2005,110 000 [89 000 - 140 000],110000,89000,140000
AFR,Africa,TCD,Chad,2000,100 000 [81 000 - 150 000],100000,81000,150000
AFR,Africa,TGO,Togo,2023,100 000 [88 000 - 130 000],100000,88000,130000
AFR,Africa,TGO,Togo,2022,110 000 [89 000 - 130 000],110000,89000,130000
AFR,Africa,TGO,Togo,2021,110 000 [90 000 - 130 000],110000,90000,130000
AFR,Africa,TGO,Togo,2020,110 000 [92 000 - 130 000],110000,92000,130000
AFR,Africa,TGO,Togo,2015,110 000 [96 000 - 130 000],110000,96000,130000
AFR,Africa,TGO,Togo,2010,120 000 [96 000 - 140 000],120000,96000,140000
AFR,Africa,TGO,Togo,2005,120 000 [97 000 - 150 000],120000,97000,150000
AFR,Africa,TGO,Togo,2000,110 000 [91 000 - 140 000],110000,91000,140000
AFR,Africa,TZA,United Republic of Tanzania,2023,1 700 000 [1 600 000 - 1 900 000],1700,1600000,1900000
AFR,Africa,TZA,United Republic of Tanzania,2022,1 700 000 [1 600 000 - 1 800 000],1700,1600000,1800000
AFR,Africa,TZA,United Republic of Tanzania,2021,1 700 000 [1 600 000 - 1 800 000],1700,1600000,1800000
AFR,Africa,TZA,United Republic of Tanzania,2020,1 600 000 [1 600 000 - 1 800 000],1600,1600000,1800000
AFR,Africa,TZA,United Republic of Tanzania,2015,1 400 000 [1 300 000 - 1 500 000],1400,1300000,1500000
AFR,Africa,TZA,United Republic of Tanzania,2010,1 200 000 [1 100 000 - 1 300 000],1200,1100000,1300000
AFR,Africa,TZA,United Republic of Tanzania,2005,1 100 000 [1 100 000 - 1 300 000],1100,1100000,1300000
AFR,Africa,TZA,United Republic of Tanzania,2000,1 200 000 [1 100 000 - 1 300 000],1200,1100000,1300000
AFR,Africa,UGA,Uganda,2023,1 500 000 [1 400 000 - 1 600 000],1500,1400000,1600000
AFR,Africa,UGA,Uganda,2022,1 500 000 [1 400 000 - 1 600 000],1500,1400000,1600000
AFR,Africa,UGA,Uganda,2021,1 500 000 [1 400 000 - 1 600 000],1500,1400000,1600000
AFR,Africa,UGA,Uganda,2020,1 500 000 [1 400 000 - 1 600 000],1500,1400000,1600000
AFR,Africa,UGA,Uganda,2015,1 300 000 [1 300 000 - 1 400 000],1300,1300000,1400000
AFR,Africa,UGA,Uganda,2010,1 200 000 [1 100 000 - 1 200 000],1200,1100000,1200000
AFR,Africa,UGA,Uganda,2005,1 000 000 [980 000 - 1 100 000],1000,980000,1100000
AFR,Africa,UGA,Uganda,2000,1 000 000 [950 000 - 1 100 000],1000,950000,1100000
AFR,Africa,ZAF,South Africa,2023,7 700 000 [7 000 000 - 8 300 000],7700,7000000,8300000
AFR,Africa,ZAF,South Africa,2022,7 600 000 [7 000 000 - 8 300 000],7600,7000000,8300000
AFR,Africa,ZAF,South Africa,2021,7 500 000 [6 900 000 - 8 200 000],7500,6900000,8200000
AFR,Africa,ZAF,South Africa,2020,7 400 000 [6 900 000 - 8 100 000],7400,6900000,8100000
AFR,Africa,ZAF,South Africa,2015,6 800 000 [6 300 000 - 7 400 000],6800,6300000,7400000
AFR,Africa,ZAF,South Africa,2010,5 900 000 [5 400 000 - 6 400 000],5900,5400000,6400000
AFR,Africa,ZAF,South Africa,2005,4 900 000 [4 400 000 - 5 300 000],4900,4400000,5300000
AFR,Africa,ZAF,South Africa,2000,3 600 000 [3 200 000 - 3 900 000],3600,3200000,3900000
AFR,Africa,ZMB,Zambia,2023,1 300 000 [1 300 000 - 1 500 000],1300,1300000,1500000
AFR,Africa,ZMB,Zambia,2022,1 300 000 [1 300 000 - 1 500 000],1300,1300000,1500000
AFR,Africa,ZMB,Zambia,2021,1 300 000 [1 300 000 - 1 500 000],1300,1300000,1500000
AFR,Africa,ZMB,Zambia,2020,1 300 000 [1 300 000 - 1 400 000],1300,1300000,1400000
AFR,Africa,ZMB,Zambia,2015,1 200 000 [1 100 000 - 1 200 000],1200,1100000,1200000
AFR,Africa,ZMB,Zambia,2010,940 000 [900 000 - 1 000 000],940000,900000,1000000
AFR,Africa,ZMB,Zambia,2005,810 000 [760 000 - 860 000],810000,760000,860000
AFR,Africa,ZMB,Zambia,2000,740 000 [700 000 - 800 000],740000,700000,800000
AFR,Africa,ZWE,Zimbabwe,2023,1 300 000 [1 200 000 - 1 400 000],1300,1200000,1400000
AFR,Africa,ZWE,Zimbabwe,2022,1 300 000 [1 200 000 - 1 500 000],1300,1200000,1500000
AFR,Africa,ZWE,Zimbabwe,2021,1 300 000 [1 200 000 - 1 500 000],1300,1200000,1500000
AFR,Africa,ZWE,Zimbabwe,2020,1 300 000 [1 200 000 - 1 500 000],1300,1200000,1500000
AFR,Africa,ZWE,Zimbabwe,2015,1 400 000 [1 300 000 - 1 500 000],1400,1300000,1500000
AFR,Africa,ZWE,Zimbabwe,2010,1 300 000 [1 200 000 - 1 400 000],1300,1200000,1400000
AFR,Africa,ZWE,Zimbabwe,2005,1 400 000 [1 200 000 - 1 500 000],1400,1200000,1500000
AFR,Africa,ZWE,Zimbabwe,2000,1 600 000 [1 400 000 - 1 700 000],1600,1400000,1700000
AMR,Americas,ARG,Argentina,2023,140 000 [130 000 - 150 000],140000,130000,150000
AMR,Americas,ARG,Argentina,2022,130 000 [120 000 - 140 000],130000,120000,140000
AMR,Americas,ARG,Argentina,2021,130 000 [120 000 - 140 000],130000,120000,140000
AMR,Americas,ARG,Argentina,2020,130 000 [120 000 - 140 000],130000,120000,140000
AMR,Americas,ARG,Argentina,2015,110 000 [100 000 - 120 000],110000,100000,120000
AMR,Americas,ARG,Argentina,2010,92 000 [85 000 - 98 000],92000,85000,98000
AMR,Americas,ARG,Argentina,2005,73 000 [67 000 - 77 000],73000,67000,77000
AMR,Americas,ARG,Argentina,2000,54 000 [50 000 - 58 000],54000,50000,58000
AMR,Americas,BHS,Bahamas,2023,4100 [3600 - 4600],4100,3600,4600
AMR,Americas,BHS,Bahamas,2022,4100 [3600 - 4700],4100,3600,4700
AMR,Americas,BHS,Bahamas,2021,4200 [3700 - 4700],4200,3700,4700
AMR,Americas,BHS,Bahamas,2020,4200 [3700 - 4700],4200,3700,4700
AMR,Americas,BHS,Bahamas,2015,4300 [3900 - 4600],4300,3900,4600
AMR,Americas,BHS,Bahamas,2010,4400 [4100 - 4700],4400,4100,4700
AMR,Americas,BHS,Bahamas,2005,4200 [3900 - 4600],4200,3900,4600
AMR,Americas,BHS,Bahamas,2000,4200 [3900 - 4500],4200,3900,4500
AMR,Americas,BLZ,Belize,2023,3600 [3200 - 4000],3600,3200,4000
AMR,Americas,BLZ,Belize,2022,3600 [3200 - 3900],3600,3200,3900
AMR,Americas,BLZ,Belize,2021,3600 [3200 - 3900],3600,3200,3900
AMR,Americas,BLZ,Belize,2020,3600 [3200 - 3900],3600,3200,3900
AMR,Americas,BLZ,Belize,2015,3400 [3200 - 3600],3400,3200,3600
AMR,Americas,BLZ,Belize,2010,2900 [2700 - 3100],2900,2700,3100
AMR,Americas,BLZ,Belize,2005,2200 [2000 - 2400],2200,2000,2400
AMR,Americas,BLZ,Belize,2000,1400 [1200 - 1500],1400,1200,1500
AMR,Americas,BOL,Bolivia (Plurinational State of),2023,31 000 [27 000 - 37 000],31000,27000,37000
AMR,Americas,BOL,Bolivia (Plurinational State of),2022,30 000 [26 000 - 36 000],30000,26000,36000
AMR,Americas,BOL,Bolivia (Plurinational State of),2021,29 000 [25 000 - 34 000],29000,25000,34000
AMR,Americas,BOL,Bolivia (Plurinational State of),2020,28 000 [24 000 - 33 000],28000,24000,33000
AMR,Americas,BOL,Bolivia (Plurinational State of),2015,23 000 [20 000 - 28 000],23000,20000,28000
AMR,Americas,BOL,Bolivia (Plurinational State of),2010,20 000 [17 000 - 25 000],20000,17000,25000
AMR,Americas,BOL,Bolivia (Plurinational State of),2005,17 000 [15 000 - 21 000],17000,15000,21000
AMR,Americas,BOL,Bolivia (Plurinational State of),2000,15 000 [12 000 - 18 000],15000,12000,18000
AMR,Americas,BRA,Brazil,2023,1 000 000 [930 000 - 1 100 000],1000,930000,1100000
AMR,Americas,BRA,Brazil,2022,970 000 [900 000 - 1 000 000],970000,900000,1000000
AMR,Americas,BRA,Brazil,2021,940 000 [870 000 - 1 000 000],940000,870000,1000000
AMR,Americas,BRA,Brazil,2020,910 000 [840 000 - 980 000],910000,840000,980000
AMR,Americas,BRA,Brazil,2015,770 000 [720 000 - 830 000],770000,720000,830000
AMR,Americas,BRA,Brazil,2010,640 000 [590 000 - 680 000],640000,590000,680000
AMR,Americas,BRA,Brazil,2005,490 000 [460 000 - 520 000],490000,460000,520000
AMR,Americas,BRA,Brazil,2000,350 000 [330 000 - 370 000],350000,330000,370000
AMR,Americas,BRB,Barbados,2023,2100 [1800 - 2400],2100,1800,2400
AMR,Americas,BRB,Barbados,2022,2100 [1800 - 2400],2100,1800,2400
AMR,Americas,BRB,Barbados,2021,2100 [1800 - 2400],2100,1800,2400
AMR,Americas,BRB,Barbados,2020,2100 [1900 - 2400],2100,1900,2400
AMR,Americas,BRB,Barbados,2015,2100 [1900 - 2300],2100,1900,2300
AMR,Americas,BRB,Barbados,2010,2000 [1800 - 2200],2000,1800,2200
AMR,Americas,BRB,Barbados,2005,1800 [1600 - 1900],1800,1600,1900
AMR,Americas,BRB,Barbados,2000,1500 [1300 - 1600],1500,1300,1600
AMR,Americas,CAN,Canada,2020,63 000 [52 000 - 72 000],63000,52000,72000
AMR,Americas,CAN,Canada,2015,55 000 [46 000 - 63 000],55000,46000,63000
AMR,Americas,CAN,Canada,2010,49 000 [41 000 - 55 000],49000,41000,55000
AMR,Americas,CAN,Canada,2005,43 000 [36 000 - 49 000],43000,36000,49000
AMR,Americas,CAN,Canada,2000,37 000 [31 000 - 42 000],37000,31000,42000
AMR,Americas,CHL,Chile,2023,91 000 [81 000 - 100 000],91000,81000,100000
AMR,Americas,CHL,Chile,2022,87 000 [77 000 - 95 000],87000,77000,95000
AMR,Americas,CHL,Chile,2021,82 000 [72 000 - 90 000],82000,72000,90000
AMR,Americas,CHL,Chile,2020,78 000 [68 000 - 85 000],78000,68000,85000
AMR,Americas,CHL,Chile,2015,53 000 [46 000 - 58 000],53000,46000,58000
AMR,Americas,CHL,Chile,2010,36 000 [32 000 - 39 000],36000,32000,39000
AMR,Americas,CHL,Chile,2005,24 000 [21 000 - 26 000],24000,21000,26000
AMR,Americas,CHL,Chile,2000,16 000 [14 000 - 17 000],16000,14000,17000
AMR,Americas,COL,Colombia,2023,230 000 [190 000 - 310 000],230000,190000,310000
AMR,Americas,COL,Colombia,2022,230 000 [180 000 - 300 000],230000,180000,300000
AMR,Americas,COL,Colombia,2021,220 000 [180 000 - 280 000],220000,180000,280000
AMR,Americas,COL,Colombia,2020,210 000 [170 000 - 260 000],210000,170000,260000
AMR,Americas,COL,Colombia,2015,170 000 [140 000 - 200 000],170000,140000,200000
AMR,Americas,COL,Colombia,2010,140 000 [120 000 - 170 000],140000,120000,170000
AMR,Americas,COL,Colombia,2005,130 000 [98 000 - 160 000],130000,98000,160000
AMR,Americas,COL,Colombia,2000,100 000 [79 000 - 140 000],100000,79000,140000
AMR,Americas,CRI,Costa Rica,2023,19 000 [16 000 - 22 000],19000,16000,22000
AMR,Americas,CRI,Costa Rica,2022,18 000 [16 000 - 21 000],18000,16000,21000
AMR,Americas,CRI,Costa Rica,2021,18 000 [16 000 - 20 000],18000,16000,20000
AMR,Americas,CRI,Costa Rica,2020,17 000 [15 000 - 19 000],17000,15000,19000
AMR,Americas,CRI,Costa Rica,2015,13 000 [12 000 - 14 000],13000,12000,14000
AMR,Americas,CRI,Costa Rica,2010,9200 [8200 - 9800],9200,8200,9800
AMR,Americas,CRI,Costa Rica,2005,5900 [5300 - 6400],5900,5300,6400
AMR,Americas,CRI,Costa Rica,2000,3500 [3100 - 3800],3500,3100,3800
AMR,Americas,CUB,Cuba,2023,44 000 [38 000 - 49 000],44000,38000,49000
AMR,Americas,CUB,Cuba,2022,42 000 [36 000 - 48 000],42000,36000,48000
AMR,Americas,CUB,Cuba,2021,41 000 [35 000 - 46 000],41000,35000,46000
AMR,Americas,CUB,Cuba,2020,39 000 [34 000 - 44 000],39000,34000,44000
AMR,Americas,CUB,Cuba,2015,31 000 [27 000 - 35 000],31000,27000,35000
AMR,Americas,CUB,Cuba,2010,22 000 [19 000 - 24 000],22000,19000,24000
AMR,Americas,CUB,Cuba,2005,13 000 [10 000 - 14 000],13000,10000,14000
AMR,Americas,CUB,Cuba,2000,4400 [3600 - 5100],4400,3600,5100
AMR,Americas,DOM,Dominican Republic,2023,84 000 [65 000 - 99 000],84000,65000,99000
AMR,Americas,DOM,Dominican Republic,2022,82 000 [64 000 - 97 000],82000,64000,97000
AMR,Americas,DOM,Dominican Republic,2021,81 000 [64 000 - 95 000],81000,64000,95000
AMR,Americas,DOM,Dominican Republic,2020,79 000 [63 000 - 93 000],79000,63000,93000
AMR,Americas,DOM,Dominican Republic,2015,74 000 [63 000 - 86 000],74000,63000,86000
AMR,Americas,DOM,Dominican Republic,2010,74 000 [66 000 - 85 000],74000,66000,85000
AMR,Americas,DOM,Dominican Republic,2005,75 000 [66 000 - 85 000],75000,66000,85000
AMR,Americas,DOM,Dominican Republic,2000,74 000 [62 000 - 86 000],74000,62000,86000
AMR,Americas,ECU,Ecuador,2023,51 000 [44 000 - 58 000],51000,44000,58000
AMR,Americas,ECU,Ecuador,2022,49 000 [43 000 - 56 000],49000,43000,56000
AMR,Americas,ECU,Ecuador,2021,48 000 [42 000 - 54 000],48000,42000,54000
AMR,Americas,ECU,Ecuador,2020,46 000 [41 000 - 52 000],46000,41000,52000
AMR,Americas,ECU,Ecuador,2015,38 000 [34 000 - 42 000],38000,34000,42000
AMR,Americas,ECU,Ecuador,2010,31 000 [28 000 - 35 000],31000,28000,35000
AMR,Americas,ECU,Ecuador,2005,25 000 [22 000 - 30 000],25000,22000,30000
AMR,Americas,ECU,Ecuador,2000,20 000 [15 000 - 26 000],20000,15000,26000
AMR,Americas,GTM,Guatemala,2023,35 000 [33 000 - 37 000],35000,33000,37000
AMR,Americas,GTM,Guatemala,2022,34 000 [32 000 - 36 000],34000,32000,36000
AMR,Americas,GTM,Guatemala,2021,33 000 [32 000 - 36 000],33000,32000,36000
AMR,Americas,GTM,Guatemala,2020,33 000 [31 000 - 35 000],33000,31000,35000
AMR,Americas,GTM,Guatemala,2015,31 000 [30 000 - 33 000],31000,30000,33000
AMR,Americas,GTM,Guatemala,2010,30 000 [29 000 - 32 000],30000,29000,32000
AMR,Americas,GTM,Guatemala,2005,27 000 [26 000 - 30 000],27000,26000,30000
AMR,Americas,GTM,Guatemala,2000,25 000 [24 000 - 27 000],25000,24000,27000
AMR,Americas,GUY,Guyana,2023,10 000 [7500 - 15 000],10000,7500,15000
AMR,Americas,GUY,Guyana,2022,10 000 [7200 - 15 000],10000,7200,15000
AMR,Americas,GUY,Guyana,2021,9700 [7100 - 14 000],9700,7100,14000
AMR,Americas,GUY,Guyana,2020,9500 [6900 - 14 000],9500,6900,14000
AMR,Americas,GUY,Guyana,2015,7900 [5800 - 12 000],7900,5800,12000
AMR,Americas,GUY,Guyana,2010,6700 [5000 - 10 000],6700,5000,10000
AMR,Americas,GUY,Guyana,2005,5400 [3900 - 7800],5400,3900,7800
AMR,Americas,GUY,Guyana,2000,4000 [2900 - 5600],4000,2900,5600
AMR,Americas,HND,Honduras,2023,20 000 [17 000 - 22 000],20000,17000,22000
AMR,Americas,HND,Honduras,2022,20 000 [18 000 - 22 000],20000,18000,22000
AMR,Americas,HND,Honduras,2021,20 000 [18 000 - 22 000],20000,18000,22000
AMR,Americas,HND,Honduras,2020,20 000 [18 000 - 22 000],20000,18000,22000
AMR,Americas,HND,Honduras,2015,22 000 [20 000 - 23 000],22000,20000,23000
AMR,Americas,HND,Honduras,2010,25 000 [24 000 - 27 000],25000,24000,27000
AMR,Americas,HND,Honduras,2005,31 000 [28 000 - 34 000],31000,28000,34000
AMR,Americas,HND,Honduras,2000,35 000 [31 000 - 41 000],35000,31000,41000
AMR,Americas,HTI,Haiti,2023,140 000 [120 000 - 160 000],140000,120000,160000
AMR,Americas,HTI,Haiti,2022,140 000 [120 000 - 160 000],140000,120000,160000
AMR,Americas,HTI,Haiti,2021,140 000 [120 000 - 150 000],140000,120000,150000
AMR,Americas,HTI,Haiti,2020,130 000 [120 000 - 150 000],130000,120000,150000
AMR,Americas,HTI,Haiti,2015,120 000 [110 000 - 130 000],120000,110000,130000
AMR,Americas,HTI,Haiti,2010,110 000 [100 000 - 130 000],110000,100000,130000
AMR,Americas,HTI,Haiti,2005,110 000 [100 000 - 130 000],110000,100000,130000
AMR,Americas,HTI,Haiti,2000,120 000 [110 000 - 140 000],120000,110000,140000
AMR,Americas,JAM,Jamaica,2023,26 000 [24 000 - 29 000],26000,24000,29000
AMR,Americas,JAM,Jamaica,2022,26 000 [24 000 - 29 000],26000,24000,29000
AMR,Americas,JAM,Jamaica,2021,26 000 [24 000 - 28 000],26000,24000,28000
AMR,Americas,JAM,Jamaica,2020,26 000 [24 000 - 28 000],26000,24000,28000
AMR,Americas,JAM,Jamaica,2015,25 000 [23 000 - 27 000],25000,23000,27000
AMR,Americas,JAM,Jamaica,2010,25 000 [23 000 - 27 000],25000,23000,27000
AMR,Americas,JAM,Jamaica,2005,26 000 [24 000 - 28 000],26000,24000,28000
AMR,Americas,JAM,Jamaica,2000,26 000 [23 000 - 31 000],26000,23000,31000
AMR,Americas,MEX,Mexico,2023,380 000 [330 000 - 430 000],380000,330000,430000
AMR,Americas,MEX,Mexico,2022,370 000 [330 000 - 410 000],370000,330000,410000
AMR,Americas,MEX,Mexico,2021,360 000 [320 000 - 400 000],360000,320000,400000
AMR,Americas,MEX,Mexico,2020,340 000 [310 000 - 380 000],340000,310000,380000
AMR,Americas,MEX,Mexico,2015,270 000 [250 000 - 290 000],270000,250000,290000
AMR,Americas,MEX,Mexico,2010,210 000 [190 000 - 220 000],210000,190000,220000
AMR,Americas,MEX,Mexico,2005,150 000 [140 000 - 160 000],150000,140000,160000
AMR,Americas,MEX,Mexico,2000,110 000 [99 000 - 120 000],110000,99000,120000
AMR,Americas,NIC,Nicaragua,2023,12 000 [9000 - 15 000],12000,9000,15000
AMR,Americas,NIC,Nicaragua,2022,11 000 [8700 - 14 000],11000,8700,14000
AMR,Americas,NIC,Nicaragua,2021,11 000 [8500 - 14 000],11000,8500,14000
AMR,Americas,NIC,Nicaragua,2020,10 000 [8300 - 13 000],10000,8300,13000
AMR,Americas,NIC,Nicaragua,2015,9000 [7400 - 11 000],9000,7400,11000
AMR,Americas,NIC,Nicaragua,2010,8500 [6800 - 10 000],8500,6800,10000
AMR,Americas,NIC,Nicaragua,2005,8200 [6400 - 10 000],8200,6400,10000
AMR,Americas,NIC,Nicaragua,2000,7200 [5300 - 9100],7200,5300,9100
AMR,Americas,PAN,Panama,2023,30 000 [27 000 - 33 000],30000,27000,33000
AMR,Americas,PAN,Panama,2022,29 000 [26 000 - 32 000],29000,26000,32000
AMR,Americas,PAN,Panama,2021,28 000 [25 000 - 31 000],28000,25000,31000
AMR,Americas,PAN,Panama,2020,28 000 [25 000 - 30 000],28000,25000,30000
AMR,Americas,PAN,Panama,2015,23 000 [21 000 - 24 000],23000,21000,24000
AMR,Americas,PAN,Panama,2010,19 000 [17 000 - 20 000],19000,17000,20000
AMR,Americas,PAN,Panama,2005,15 000 [14 000 - 16 000],15000,14000,16000
AMR,Americas,PAN,Panama,2000,12 000 [10 000 - 13 000],12000,10000,13000
AMR,Americas,PER,Peru,2023,110 000 [97 000 - 130 000],110000,97000,130000
AMR,Americas,PER,Peru,2022,110 000 [93 000 - 130 000],110000,93000,130000
AMR,Americas,PER,Peru,2021,100 000 [90 000 - 120 000],100000,90000,120000
AMR,Americas,PER,Peru,2020,97 000 [85 000 - 110 000],97000,85000,110000
AMR,Americas,PER,Peru,2015,72 000 [64 000 - 84 000],72000,64000,84000
AMR,Americas,PER,Peru,2010,61 000 [53 000 - 71 000],61000,53000,71000
AMR,Americas,PER,Peru,2005,60 000 [51 000 - 70 000],60000,51000,70000
AMR,Americas,PER,Peru,2000,63 000 [53 000 - 76 000],63000,53000,76000
AMR,Americas,PRY,Paraguay,2023,22 000 [18 000 - 27 000],22000,18000,27000
AMR,Americas,PRY,Paraguay,2022,21 000 [18 000 - 26 000],21000,18000,26000
AMR,Americas,PRY,Paraguay,2021,20 000 [17 000 - 24 000],20000,17000,24000
AMR,Americas,PRY,Paraguay,2020,20 000 [16 000 - 23 000],20000,16000,23000
AMR,Americas,PRY,Paraguay,2015,15 000 [13 000 - 18 000],15000,13000,18000
AMR,Americas,PRY,Paraguay,2010,11 000 [9700 - 14 000],11000,9700,14000
AMR,Americas,PRY,Paraguay,2005,7900 [6600 - 9600],7900,6600,9600
AMR,Americas,PRY,Paraguay,2000,4700 [3700 - 5900],4700,3700,5900
AMR,Americas,SLV,El Salvador,2023,23 000 [20 000 - 25 000],23000,20000,25000
AMR,Americas,SLV,El Salvador,2022,22 000 [20 000 - 24 000],22000,20000,24000
AMR,Americas,SLV,El Salvador,2021,22 000 [20 000 - 24 000],22000,20000,24000
AMR,Americas,SLV,El Salvador,2020,22 000 [20 000 - 24 000],22000,20000,24000
AMR,Americas,SLV,El Salvador,2015,22 000 [20 000 - 24 000],22000,20000,24000
AMR,Americas,SLV,El Salvador,2010,21 000 [19 000 - 22 000],21000,19000,22000
AMR,Americas,SLV,El Salvador,2005,17 000 [16 000 - 19 000],17000,16000,19000
AMR,Americas,SLV,El Salvador,2000,14 000 [13 000 - 15 000],14000,13000,15000
AMR,Americas,SUR,Suriname,2023,7400 [6400 - 8400],7400,6400,8400
AMR,Americas,SUR,Suriname,2022,7200 [6300 - 8200],7200,6300,8200
AMR,Americas,SUR,Suriname,2021,7100 [6200 - 8000],7100,6200,8000
AMR,Americas,SUR,Suriname,2020,6900 [6000 - 7800],6900,6000,7800
AMR,Americas,SUR,Suriname,2015,5900 [5300 - 6700],5900,5300,6700
AMR,Americas,SUR,Suriname,2010,5200 [4600 - 5700],5200,4600,5700
AMR,Americas,SUR,Suriname,2005,4500 [4000 - 5100],4500,4000,5100
AMR,Americas,SUR,Suriname,2000,3200 [2700 - 3900],3200,2700,3900
AMR,Americas,URY,Uruguay,2023,16 000 [12 000 - 22 000],16000,12000,22000
AMR,Americas,URY,Uruguay,2022,15 000 [12 000 - 21 000],15000,12000,21000
AMR,Americas,URY,Uruguay,2021,15 000 [12 000 - 20 000],15000,12000,20000
AMR,Americas,URY,Uruguay,2020,14 000 [11 000 - 20 000],14000,11000,20000
AMR,Americas,URY,Uruguay,2015,12 000 [9200 - 15 000],12000,9200,15000
AMR,Americas,URY,Uruguay,2010,9000 [7200 - 12 000],9000,7200,12000
AMR,Americas,URY,Uruguay,2005,6700 [5200 - 8900],6700,5200,8900
AMR,Americas,URY,Uruguay,2000,4800 [3200 - 6800],4800,3200,6800
AMR,Americas,VEN,Venezuela (Bolivarian Republic of),2023,100 000 [91 000 - 110 000],100000,91000,110000
AMR,Americas,VEN,Venezuela (Bolivarian Republic of),2022,95 000 [85 000 - 100 000],95000,85000,100000
AMR,Americas,VEN,Venezuela (Bolivarian Republic of),2021,90 000 [79 000 - 98 000],90000,79000,98000
AMR,Americas,VEN,Venezuela (Bolivarian Republic of),2020,89 000 [79 000 - 97 000],89000,79000,97000
AMR,Americas,VEN,Venezuela (Bolivarian Republic of),2015,110 000 [95 000 - 110 000],110000,95000,110000
AMR,Americas,VEN,Venezuela (Bolivarian Republic of),2010,110 000 [100 000 - 120 000],110000,100000,120000
AMR,Americas,VEN,Venezuela (Bolivarian Republic of),2005,87 000 [79 000 - 95 000],87000,79000,95000
AMR,Americas,VEN,Venezuela (Bolivarian Republic of),2000,43 000 [38 000 - 49 000],43000,38000,49000
EMR,Eastern Mediterranean,AFG,Afghanistan,2023,13 000 [4200 - 54 000],13000,4200,54000
EMR,Eastern Mediterranean,AFG,Afghanistan,2022,12 000 [4000 - 49 000],12000,4000,49000
EMR,Eastern Mediterranean,AFG,Afghanistan,2021,11 000 [3800 - 42 000],11000,3800,42000
EMR,Eastern Mediterranean,AFG,Afghanistan,2020,10 000 [3600 - 38 000],10000,3600,38000
EMR,Eastern Mediterranean,AFG,Afghanistan,2015,6500 [2900 - 20 000],6500,2900,20000
EMR,Eastern Mediterranean,AFG,Afghanistan,2010,4100 [1900 - 10 000],4100,1900,10000
EMR,Eastern Mediterranean,AFG,Afghanistan,2005,2800 [1500 - 6100],2800,1500,6100
EMR,Eastern Mediterranean,AFG,Afghanistan,2000,1600 [840 - 3100],1600,840,3100
EMR,Eastern Mediterranean,ARE,United Arab Emirates,2023,1700 [1200 - 2400],1700,1200,2400
EMR,Eastern Mediterranean,ARE,United Arab Emirates,2022,1600 [1100 - 2200],1600,1100,2200
EMR,Eastern Mediterranean,ARE,United Arab Emirates,2021,1400 [1100 - 1900],1400,1100,1900
EMR,Eastern Mediterranean,ARE,United Arab Emirates,2020,1300 [1000 - 1700],1300,1000,1700
EMR,Eastern Mediterranean,ARE,United Arab Emirates,2015,860 [690 - 990],860,690,990
EMR,Eastern Mediterranean,ARE,United Arab Emirates,2010,570 [<500 - 690],570,0,690
EMR,Eastern Mediterranean,ARE,United Arab Emirates,2005,<500 [<200 - <500],500,0,200
EMR,Eastern Mediterranean,ARE,United Arab Emirates,2000,<200 [<100 - <200],200,0,200
EMR,Eastern Mediterranean,DJI,Djibouti,2023,7300 [5600 - 10 000],7300,5600,10000
EMR,Eastern Mediterranean,DJI,Djibouti,2022,7600 [5900 - 11 000],7600,5900,11000
EMR,Eastern Mediterranean,DJI,Djibouti,2021,7900 [6100 - 11 000],7900,6100,11000
EMR,Eastern Mediterranean,DJI,Djibouti,2020,8200 [6400 - 12 000],8200,6400,12000
EMR,Eastern Mediterranean,DJI,Djibouti,2015,10 000 [7800 - 14 000],10000,7800,14000
EMR,Eastern Mediterranean,DJI,Djibouti,2010,13 000 [9500 - 17 000],13000,9500,17000
EMR,Eastern Mediterranean,DJI,Djibouti,2005,14 000 [11 000 - 18 000],14000,11000,18000
EMR,Eastern Mediterranean,DJI,Djibouti,2000,15 000 [11 000 - 18 000],15000,11000,18000
EMR,Eastern Mediterranean,EGY,Egypt,2023,42 000 [36 000 - 50 000],42000,36000,50000
EMR,Eastern Mediterranean,EGY,Egypt,2022,35 000 [30 000 - 41 000],35000,30000,41000
EMR,Eastern Mediterranean,EGY,Egypt,2021,29 000 [26 000 - 34 000],29000,26000,34000
EMR,Eastern Mediterranean,EGY,Egypt,2020,25 000 [23 000 - 28 000],25000,23000,28000
EMR,Eastern Mediterranean,EGY,Egypt,2015,13 000 [12 000 - 14 000],13000,12000,14000
EMR,Eastern Mediterranean,EGY,Egypt,2010,6400 [5900 - 6900],6400,5900,6900
EMR,Eastern Mediterranean,EGY,Egypt,2005,2800 [2600 - 3100],2800,2600,3100
EMR,Eastern Mediterranean,EGY,Egypt,2000,1200 [1100 - 1300],1200,1100,1300
EMR,Eastern Mediterranean,IRN,Iran (Islamic Republic of),2023,43 000 [30 000 - 77 000],43000,30000,77000
EMR,Eastern Mediterranean,IRN,Iran (Islamic Republic of),2022,43 000 [30 000 - 74 000],43000,30000,74000
EMR,Eastern Mediterranean,IRN,Iran (Islamic Republic of),2021,43 000 [29 000 - 69 000],43000,29000,69000
EMR,Eastern Mediterranean,IRN,Iran (Islamic Republic of),2020,43 000 [29 000 - 68 000],43000,29000,68000
EMR,Eastern Mediterranean,IRN,Iran (Islamic Republic of),2015,46 000 [34 000 - 66 000],46000,34000,66000
EMR,Eastern Mediterranean,IRN,Iran (Islamic Republic of),2010,53 000 [39 000 - 70 000],53000,39000,70000
EMR,Eastern Mediterranean,IRN,Iran (Islamic Republic of),2005,42 000 [30 000 - 56 000],42000,30000,56000
EMR,Eastern Mediterranean,IRN,Iran (Islamic Republic of),2000,14 000 [7600 - 27 000],14000,7600,27000
EMR,Eastern Mediterranean,IRQ,Iraq,2023,3400 [2800 - 4300],3400,2800,4300
EMR,Eastern Mediterranean,IRQ,Iraq,2022,2900 [2400 - 3500],2900,2400,3500
EMR,Eastern Mediterranean,IRQ,Iraq,2021,2400 [2000 - 2900],2400,2000,2900
EMR,Eastern Mediterranean,IRQ,Iraq,2020,2100 [1700 - 2400],2100,1700,2400
EMR,Eastern Mediterranean,IRQ,Iraq,2015,1000 [870 - 1200],1000,870,1200
EMR,Eastern Mediterranean,IRQ,Iraq,2010,700 [<500 - 930],700,0,930
EMR,Eastern Mediterranean,IRQ,Iraq,2005,540 [<500 - 760],540,0,760
EMR,Eastern Mediterranean,IRQ,Iraq,2000,<500 [<200 - <500],500,0,200
EMR,Eastern Mediterranean,JOR,Jordan,2023,620 [510 - 730],620,510,730
EMR,Eastern Mediterranean,JOR,Jordan,2022,600 [510 - 700],600,510,700
EMR,Eastern Mediterranean,JOR,Jordan,2021,580 [<500 - 670],580,0,670
EMR,Eastern Mediterranean,JOR,Jordan,2020,560 [<500 - 630],560,0,630
EMR,Eastern Mediterranean,JOR,Jordan,2015,<500 [<500 - <500],500,0,200
EMR,Eastern Mediterranean,JOR,Jordan,2010,<500 [<500 - <500],500,0,200
EMR,Eastern Mediterranean,JOR,Jordan,2005,<200 [<200 - <200],200,0,200
EMR,Eastern Mediterranean,JOR,Jordan,2000,<100 [<100 - <200],100,0,200
EMR,Eastern Mediterranean,KWT,Kuwait,2023,1100 [930 - 1500],1100,930,1500
EMR,Eastern Mediterranean,KWT,Kuwait,2022,960 [810 - 1200],960,810,1200
EMR,Eastern Mediterranean,KWT,Kuwait,2021,820 [700 - 1000],820,700,1000
EMR,Eastern Mediterranean,KWT,Kuwait,2020,730 [630 - 870],730,630,870
EMR,Eastern Mediterranean,KWT,Kuwait,2015,510 [<500 - 560],510,0,560
EMR,Eastern Mediterranean,KWT,Kuwait,2010,<500 [<500 - <500],500,0,200
EMR,Eastern Mediterranean,KWT,Kuwait,2005,<200 [<200 - <500],200,0,200
EMR,Eastern Mediterranean,KWT,Kuwait,2000,<200 [<100 - <200],200,0,200
EMR,Eastern Mediterranean,LBN,Lebanon,2023,2900 [2400 - 3300],2900,2400,3300
EMR,Eastern Mediterranean,LBN,Lebanon,2022,2800 [2300 - 3200],2800,2300,3200
EMR,Eastern Mediterranean,LBN,Lebanon,2021,2700 [2300 - 3100],2700,2300,3100
EMR,Eastern Mediterranean,LBN,Lebanon,2020,2600 [2200 - 2900],2600,2200,2900
EMR,Eastern Mediterranean,LBN,Lebanon,2015,2400 [2100 - 2600],2400,2100,2600
EMR,Eastern Mediterranean,LBN,Lebanon,2010,1300 [1200 - 1400],1300,1200,1400
EMR,Eastern Mediterranean,LBN,Lebanon,2005,800 [740 - 860],800,740,860
EMR,Eastern Mediterranean,LBN,Lebanon,2000,<500 [<500 - 510],500,0,510
EMR,Eastern Mediterranean,LBY,Libya,2023,6700 [6100 - 7400],6700,6100,7400
EMR,Eastern Mediterranean,LBY,Libya,2022,6600 [6000 - 7200],6600,6000,7200
EMR,Eastern Mediterranean,LBY,Libya,2021,6400 [5900 - 6900],6400,5900,6900
EMR,Eastern Mediterranean,LBY,Libya,2020,6200 [5700 - 6700],6200,5700,6700
EMR,Eastern Mediterranean,LBY,Libya,2015,5100 [4800 - 5300],5100,4800,5300
EMR,Eastern Mediterranean,LBY,Libya,2010,4300 [4000 - 4600],4300,4000,4600
EMR,Eastern Mediterranean,LBY,Libya,2005,2400 [2200 - 2600],2400,2200,2600
EMR,Eastern Mediterranean,LBY,Libya,2000,1000 [930 - 1100],1000,930,1100
EMR,Eastern Mediterranean,MAR,Morocco,2023,23 000 [21 000 - 26 000],23000,21000,26000
EMR,Eastern Mediterranean,MAR,Morocco,2022,23 000 [21 000 - 25 000],23000,21000,25000
EMR,Eastern Mediterranean,MAR,Morocco,2021,22 000 [20 000 - 25 000],22000,20000,25000
EMR,Eastern Mediterranean,MAR,Morocco,2020,22 000 [20 000 - 24 000],22000,20000,24000
EMR,Eastern Mediterranean,MAR,Morocco,2015,19 000 [18 000 - 21 000],19000,18000,21000
EMR,Eastern Mediterranean,MAR,Morocco,2010,17 000 [16 000 - 19 000],17000,16000,19000
EMR,Eastern Mediterranean,MAR,Morocco,2005,14 000 [12 000 - 16 000],14000,12000,16000
EMR,Eastern Mediterranean,MAR,Morocco,2000,9300 [7500 - 11 000],9300,7500,11000
EMR,Eastern Mediterranean,OMN,Oman,2023,2800 [2400 - 3100],2800,2400,3100
EMR,Eastern Mediterranean,OMN,Oman,2022,2700 [2400 - 3000],2700,2400,3000
EMR,Eastern Mediterranean,OMN,Oman,2021,2700 [2400 - 2900],2700,2400,2900
EMR,Eastern Mediterranean,OMN,Oman,2020,2600 [2400 - 2900],2600,2400,2900
EMR,Eastern Mediterranean,OMN,Oman,2015,2600 [2400 - 2900],2600,2400,2900
EMR,Eastern Mediterranean,OMN,Oman,2010,1700 [1500 - 1800],1700,1500,1800
EMR,Eastern Mediterranean,OMN,Oman,2005,1200 [1100 - 1400],1200,1100,1400
EMR,Eastern Mediterranean,OMN,Oman,2000,1100 [880 - 1200],1100,880,1200
EMR,Eastern Mediterranean,PAK,Pakistan,2023,290 000 [270 000 - 310 000],290000,270000,310000
EMR,Eastern Mediterranean,PAK,Pakistan,2022,260 000 [240 000 - 280 000],260000,240000,280000
EMR,Eastern Mediterranean,PAK,Pakistan,2021,240 000 [220 000 - 260 000],240000,220000,260000
EMR,Eastern Mediterranean,PAK,Pakistan,2020,220 000 [200 000 - 230 000],220000,200000,230000
EMR,Eastern Mediterranean,PAK,Pakistan,2015,140 000 [120 000 - 150 000],140000,120000,150000
EMR,Eastern Mediterranean,PAK,Pakistan,2010,79 000 [69 000 - 89 000],79000,69000,89000
EMR,Eastern Mediterranean,PAK,Pakistan,2005,18 000 [15 000 - 21 000],18000,15000,21000
EMR,Eastern Mediterranean,PAK,Pakistan,2000,600 [520 - 680],600,520,680
EMR,Eastern Mediterranean,QAT,Qatar,2023,820 [670 - 1000],820,670,1000
EMR,Eastern Mediterranean,QAT,Qatar,2022,730 [610 - 900],730,610,900
EMR,Eastern Mediterranean,QAT,Qatar,2021,640 [560 - 790],640,560,790
EMR,Eastern Mediterranean,QAT,Qatar,2020,570 [<500 - 680],570,0,680
EMR,Eastern Mediterranean,QAT,Qatar,2015,<500 [<500 - <500],500,0,200
EMR,Eastern Mediterranean,QAT,Qatar,2010,<100 [<100 - <200],100,0,200
EMR,Eastern Mediterranean,QAT,Qatar,2005,<100 [<100 - <100],100,0,200
EMR,Eastern Mediterranean,QAT,Qatar,2000,<100 [<100 - <100],100,0,200
EMR,Eastern Mediterranean,SAU,Saudi Arabia,2023,11 000 [10 000 - 13 000],11000,10000,13000
EMR,Eastern Mediterranean,SAU,Saudi Arabia,2022,9900 [9000 - 11 000],9900,9000,11000
EMR,Eastern Mediterranean,SAU,Saudi Arabia,2021,8900 [8100 - 10 000],8900,8100,10000
EMR,Eastern Mediterranean,SAU,Saudi Arabia,2020,8100 [7400 - 9100],8100,7400,9100
EMR,Eastern Mediterranean,SAU,Saudi Arabia,2015,6700 [6000 - 7400],6700,6000,7400
EMR,Eastern Mediterranean,SAU,Saudi Arabia,2010,7300 [6600 - 7900],7300,6600,7900
EMR,Eastern Mediterranean,SAU,Saudi Arabia,2005,8400 [7700 - 9100],8400,7700,9100
EMR,Eastern Mediterranean,SAU,Saudi Arabia,2000,8900 [7500 - 9900],8900,7500,9900
EMR,Eastern Mediterranean,SDN,Sudan,2023,48 000 [36 000 - 75 000],48000,36000,75000
EMR,Eastern Mediterranean,SDN,Sudan,2022,46 000 [34 000 - 68 000],46000,34000,68000
EMR,Eastern Mediterranean,SDN,Sudan,2021,42 000 [32 000 - 63 000],42000,32000,63000
EMR,Eastern Mediterranean,SDN,Sudan,2020,40 000 [30 000 - 57 000],40000,30000,57000
EMR,Eastern Mediterranean,SDN,Sudan,2015,31 000 [24 000 - 41 000],31000,24000,41000
EMR,Eastern Mediterranean,SDN,Sudan,2010,26 000 [20 000 - 33 000],26000,20000,33000
EMR,Eastern Mediterranean,SDN,Sudan,2005,22 000 [17 000 - 29 000],22000,17000,29000
EMR,Eastern Mediterranean,SDN,Sudan,2000,18 000 [13 000 - 25 000],18000,13000,25000
EMR,Eastern Mediterranean,SOM,Somalia,2023,8200 [7000 - 9500],8200,7000,9500
EMR,Eastern Mediterranean,SOM,Somalia,2022,8500 [7300 - 9900],8500,7300,9900
EMR,Eastern Mediterranean,SOM,Somalia,2021,8900 [7600 - 10 000],8900,7600,10000
EMR,Eastern Mediterranean,SOM,Somalia,2020,9300 [8000 - 11 000],9300,8000,11000
EMR,Eastern Mediterranean,SOM,Somalia,2015,12 000 [10 000 - 14 000],12000,10000,14000
EMR,Eastern Mediterranean,SOM,Somalia,2010,16 000 [14 000 - 19 000],16000,14000,19000
EMR,Eastern Mediterranean,SOM,Somalia,2005,21 000 [17 000 - 25 000],21000,17000,25000
EMR,Eastern Mediterranean,SOM,Somalia,2000,23 000 [19 000 - 30 000],23000,19000,30000
EMR,Eastern Mediterranean,SYR,Syrian Arab Republic,2023,740 [650 - 840],740,650,840
EMR,Eastern Mediterranean,SYR,Syrian Arab Republic,2022,680 [590 - 760],680,590,760
EMR,Eastern Mediterranean,SYR,Syrian Arab Republic,2021,610 [540 - 690],610,540,690
EMR,Eastern Mediterranean,SYR,Syrian Arab Republic,2020,570 [<500 - 640],570,0,640
EMR,Eastern Mediterranean,SYR,Syrian Arab Republic,2015,<500 [<500 - <500],500,0,200
EMR,Eastern Mediterranean,SYR,Syrian Arab Republic,2010,<500 [<500 - <500],500,0,200
EMR,Eastern Mediterranean,SYR,Syrian Arab Republic,2005,<500 [<500 - <500],500,0,200
EMR,Eastern Mediterranean,SYR,Syrian Arab Republic,2000,<200 [<200 - <200],200,0,200
EMR,Eastern Mediterranean,TUN,Tunisia,2023,8000 [5700 - 12 000],8000,5700,12000
EMR,Eastern Mediterranean,TUN,Tunisia,2022,7600 [5400 - 11 000],7600,5400,11000
EMR,Eastern Mediterranean,TUN,Tunisia,2021,7200 [5100 - 11 000],7200,5100,11000
EMR,Eastern Mediterranean,TUN,Tunisia,2020,6900 [4900 - 10 000],6900,4900,10000
EMR,Eastern Mediterranean,TUN,Tunisia,2015,5700 [3900 - 8300],5700,3900,8300
EMR,Eastern Mediterranean,TUN,Tunisia,2010,4400 [2900 - 6400],4400,2900,6400
EMR,Eastern Mediterranean,TUN,Tunisia,2005,2900 [1700 - 4700],2900,1700,4700
EMR,Eastern Mediterranean,TUN,Tunisia,2000,1700 [950 - 3100],1700,950,3100
EMR,Eastern Mediterranean,YEM,Yemen,2023,15 000 [9600 - 24 000],15000,9600,24000
EMR,Eastern Mediterranean,YEM,Yemen,2022,14 000 [9200 - 23 000],14000,9200,23000
EMR,Eastern Mediterranean,YEM,Yemen,2021,14 000 [8700 - 21 000],14000,8700,21000
EMR,Eastern Mediterranean,YEM,Yemen,2020,13 000 [8300 - 20 000],13000,8300,20000
EMR,Eastern Mediterranean,YEM,Yemen,2015,9300 [6400 - 13 000],9300,6400,13000
EMR,Eastern Mediterranean,YEM,Yemen,2010,7300 [5400 - 10 000],7300,5400,10000
EMR,Eastern Mediterranean,YEM,Yemen,2005,3800 [2600 - 5100],3800,2600,5100
EMR,Eastern Mediterranean,YEM,Yemen,2000,1700 [980 - 2900],1700,980,2900
EUR,Europe,ALB,Albania,2023,1500 [1300 - 1700],1500,1300,1700
EUR,Europe,ALB,Albania,2022,1400 [1300 - 1700],1400,1300,1700
EUR,Europe,ALB,Albania,2021,1400 [1200 - 1600],1400,1200,1600
EUR,Europe,ALB,Albania,2020,1400 [1200 - 1500],1400,1200,1500
EUR,Europe,ALB,Albania,2015,1100 [930 - 1200],1100,930,1200
EUR,Europe,ALB,Albania,2010,710 [610 - 790],710,610,790
EUR,Europe,ALB,Albania,2005,<500 [<500 - <500],500,0,200
EUR,Europe,ALB,Albania,2000,<200 [<200 - <500],200,0,200
EUR,Europe,ARM,Armenia,2023,6300 [5900 - 6900],6300,5900,6900
EUR,Europe,ARM,Armenia,2022,5900 [5500 - 6400],5900,5500,6400
EUR,Europe,ARM,Armenia,2021,5500 [5200 - 5900],5500,5200,5900
EUR,Europe,ARM,Armenia,2020,5200 [4900 - 5500],5200,4900,5500
EUR,Europe,ARM,Armenia,2015,3400 [3200 - 3600],3400,3200,3600
EUR,Europe,ARM,Armenia,2010,1800 [1600 - 1900],1800,1600,1900
EUR,Europe,ARM,Armenia,2005,590 [510 - 650],590,510,650
EUR,Europe,ARM,Armenia,2000,<200 [<100 - <200],200,0,200
EUR,Europe,AZE,Azerbaijan,2023,10 000 [8700 - 12 000],10000,8700,12000
EUR,Europe,AZE,Azerbaijan,2022,10 000 [8500 - 12 000],10000,8500,12000
EUR,Europe,AZE,Azerbaijan,2021,9900 [8400 - 11 000],9900,8400,11000
EUR,Europe,AZE,Azerbaijan,2020,9700 [8200 - 11 000],9700,8200,11000
EUR,Europe,AZE,Azerbaijan,2015,8600 [7300 - 10 000],8600,7300,10000
EUR,Europe,AZE,Azerbaijan,2010,7900 [6500 - 9600],7900,6500,9600
EUR,Europe,AZE,Azerbaijan,2005,6800 [5300 - 8700],6800,5300,8700
EUR,Europe,AZE,Azerbaijan,2000,4000 [2700 - 5400],4000,2700,5400
EUR,Europe,BGR,Bulgaria,2023,3800 [3200 - 4400],3800,3200,4400
EUR,Europe,BGR,Bulgaria,2022,3600 [3000 - 4200],3600,3000,4200
EUR,Europe,BGR,Bulgaria,2021,3400 [2800 - 3900],3400,2800,3900
EUR,Europe,BGR,Bulgaria,2020,3200 [2700 - 3700],3200,2700,3700
EUR,Europe,BGR,Bulgaria,2015,2600 [2200 - 2900],2600,2200,2900
EUR,Europe,BGR,Bulgaria,2010,2000 [1700 - 2200],2000,1700,2200
EUR,Europe,BGR,Bulgaria,2005,1600 [1400 - 1900],1600,1400,1900
EUR,Europe,BGR,Bulgaria,2000,1400 [1100 - 1600],1400,1100,1600
EUR,Europe,BIH,Bosnia and Herzegovina,2023,630 [<500 - 880],630,0,880
EUR,Europe,BIH,Bosnia and Herzegovina,2022,580 [<500 - 790],580,0,790
EUR,Europe,BIH,Bosnia and Herzegovina,2021,530 [<500 - 710],530,0,710
EUR,Europe,BIH,Bosnia and Herzegovina,2020,<500 [<500 - 650],500,0,650
EUR,Europe,BIH,Bosnia and Herzegovina,2015,<500 [<500 - <500],500,0,200
EUR,Europe,BIH,Bosnia and Herzegovina,2010,<200 [<200 - <500],200,0,200
EUR,Europe,BIH,Bosnia and Herzegovina,2005,<200 [<100 - <200],200,0,200
EUR,Europe,BIH,Bosnia and Herzegovina,2000,<100 [<100 - <100],100,0,200
EUR,Europe,BLR,Belarus,2023,27 000 [22 000 - 35 000],27000,22000,35000
EUR,Europe,BLR,Belarus,2022,27 000 [22 000 - 34 000],27000,22000,34000
EUR,Europe,BLR,Belarus,2021,27 000 [22 000 - 34 000],27000,22000,34000
EUR,Europe,BLR,Belarus,2020,27 000 [21 000 - 33 000],27000,21000,33000
EUR,Europe,BLR,Belarus,2015,24 000 [20 000 - 29 000],24000,20000,29000
EUR,Europe,BLR,Belarus,2010,16 000 [14 000 - 20 000],16000,14000,20000
EUR,Europe,BLR,Belarus,2005,7600 [6300 - 9300],7600,6300,9300
EUR,Europe,BLR,Belarus,2000,2600 [2100 - 3400],2600,2100,3400
EUR,Europe,CHE,Switzerland,2023,17 000 [15 000 - 20 000],17000,15000,20000
EUR,Europe,CHE,Switzerland,2022,17 000 [15 000 - 20 000],17000,15000,20000
EUR,Europe,CHE,Switzerland,2021,17 000 [15 000 - 19 000],17000,15000,19000
EUR,Europe,CHE,Switzerland,2020,17 000 [15 000 - 19 000],17000,15000,19000
EUR,Europe,CHE,Switzerland,2015,16 000 [14 000 - 18 000],16000,14000,18000
EUR,Europe,CHE,Switzerland,2010,13 000 [12 000 - 15 000],13000,12000,15000
EUR,Europe,CHE,Switzerland,2005,11 000 [9400 - 12 000],11000,9400,12000
EUR,Europe,CHE,Switzerland,2000,9200 [8000 - 9900],9200,8000,9900
EUR,Europe,CZE,Czechia,2023,4100 [3500 - 4900],4100,3500,4900
EUR,Europe,CZE,Czechia,2022,4000 [3400 - 4700],4000,3400,4700
EUR,Europe,CZE,Czechia,2021,3900 [3200 - 4600],3900,3200,4600
EUR,Europe,CZE,Czechia,2020,3700 [3100 - 4500],3700,3100,4500
EUR,Europe,CZE,Czechia,2015,3000 [2500 - 3600],3000,2500,3600
EUR,Europe,CZE,Czechia,2010,2200 [1800 - 2400],2200,1800,2400
EUR,Europe,CZE,Czechia,2005,1300 [1100 - 1500],1300,1100,1500
EUR,Europe,CZE,Czechia,2000,590 [<500 - 690],590,0,690
EUR,Europe,DEU,Germany,2021,91 000 [73 000 - 110 000],91000,73000,110000
EUR,Europe,DEU,Germany,2020,89 000 [72 000 - 100 000],89000,72000,100000
EUR,Europe,DEU,Germany,2015,78 000 [62 000 - 92 000],78000,62000,92000
EUR,Europe,DEU,Germany,2010,65 000 [52 000 - 77 000],65000,52000,77000
EUR,Europe,DNK,Denmark,2023,6400 [5500 - 7300],6400,5500,7300
EUR,Europe,DNK,Denmark,2022,6300 [5400 - 7300],6300,5400,7300
EUR,Europe,DNK,Denmark,2021,6200 [5200 - 7100],6200,5200,7100
EUR,Europe,DNK,Denmark,2020,6200 [5200 - 7100],6200,5200,7100
EUR,Europe,DNK,Denmark,2015,5900 [5000 - 6600],5900,5000,6600
EUR,Europe,DNK,Denmark,2010,5300 [4500 - 5900],5300,4500,5900
EUR,Europe,DNK,Denmark,2005,4700 [4000 - 5200],4700,4000,5200
EUR,Europe,DNK,Denmark,2000,4000 [3500 - 4400],4000,3500,4400
EUR,Europe,ESP,Spain,2023,150 000 [130 000 - 170 000],150000,130000,170000
EUR,Europe,ESP,Spain,2022,150 000 [130 000 - 170 000],150000,130000,170000
EUR,Europe,ESP,Spain,2021,150 000 [130 000 - 170 000],150000,130000,170000
EUR,Europe,ESP,Spain,2020,150 000 [130 000 - 170 000],150000,130000,170000
EUR,Europe,ESP,Spain,2015,140 000 [120 000 - 150 000],140000,120000,150000
EUR,Europe,ESP,Spain,2010,130 000 [110 000 - 140 000],130000,110000,140000
EUR,Europe,ESP,Spain,2005,120 000 [100 000 - 130 000],120000,100000,130000
EUR,Europe,ESP,Spain,2000,100 000 [90 000 - 110 000],100000,90000,110000
EUR,Europe,EST,Estonia,2023,7300 [6400 - 8100],7300,6400,8100
EUR,Europe,EST,Estonia,2022,7300 [6500 - 8100],7300,6500,8100
EUR,Europe,EST,Estonia,2021,7400 [6500 - 8100],7400,6500,8100
EUR,Europe,EST,Estonia,2020,7400 [6600 - 8100],7400,6600,8100
EUR,Europe,EST,Estonia,2015,6900 [6200 - 7400],6900,6200,7400
EUR,Europe,EST,Estonia,2010,6200 [5400 - 6600],6200,5400,6600
EUR,Europe,EST,Estonia,2005,4500 [3900 - 4900],4500,3900,4900
EUR,Europe,EST,Estonia,2000,<500 [<200 - <500],500,0,200
EUR,Europe,FRA,France,2023,200 000 [170 000 - 230 000],200000,170000,230000
EUR,Europe,FRA,France,2022,200 000 [170 000 - 220 000],200000,170000,220000
EUR,Europe,FRA,France,2021,200 000 [170 000 - 220 000],200000,170000,220000
EUR,Europe,FRA,France,2020,190 000 [160 000 - 210 000],190000,160000,210000
EUR,Europe,FRA,France,2015,170 000 [140 000 - 190 000],170000,140000,190000
EUR,Europe,FRA,France,2010,140 000 [120 000 - 160 000],140000,120000,160000
EUR,Europe,FRA,France,2005,110 000 [94 000 - 120 000],110000,94000,120000
EUR,Europe,FRA,France,2000,75 000 [65 000 - 85 000],75000,65000,85000
EUR,Europe,GEO,Georgia,2023,9000 [8500 - 9500],9000,8500,9500
EUR,Europe,GEO,Georgia,2022,8600 [8200 - 9100],8600,8200,9100
EUR,Europe,GEO,Georgia,2021,8200 [7800 - 8700],8200,7800,8700
EUR,Europe,GEO,Georgia,2020,7800 [7400 - 8300],7800,7400,8300
EUR,Europe,GEO,Georgia,2015,5200 [4800 - 5600],5200,4800,5600
EUR,Europe,GEO,Georgia,2010,2600 [2400 - 2900],2600,2400,2900
EUR,Europe,GEO,Georgia,2005,870 [740 - 990],870,740,990
EUR,Europe,GEO,Georgia,2000,<200 [<100 - <200],200,0,200
EUR,Europe,GRC,Greece,2023,15 000 [12 000 - 17 000],15000,12000,17000
EUR,Europe,GRC,Greece,2022,15 000 [12 000 - 17 000],15000,12000,17000
EUR,Europe,GRC,Greece,2021,14 000 [12 000 - 16 000],14000,12000,16000
EUR,Europe,GRC,Greece,2020,14 000 [11 000 - 16 000],14000,11000,16000
EUR,Europe,GRC,Greece,2015,11 000 [9000 - 12 000],11000,9000,12000
EUR,Europe,GRC,Greece,2010,7900 [6400 - 9000],7900,6400,9000
EUR,Europe,GRC,Greece,2005,5600 [4700 - 6400],5600,4700,6400
EUR,Europe,GRC,Greece,2000,4100 [3500 - 4600],4100,3500,4600
EUR,Europe,HRV,Croatia,2023,1800 [1500 - 2100],1800,1500,2100
EUR,Europe,HRV,Croatia,2022,1800 [1500 - 2000],1800,1500,2000
EUR,Europe,HRV,Croatia,2021,1700 [1400 - 2000],1700,1400,2000
EUR,Europe,HRV,Croatia,2020,1700 [1400 - 2000],1700,1400,2000
EUR,Europe,HRV,Croatia,2015,1500 [1300 - 1700],1500,1300,1700
EUR,Europe,HRV,Croatia,2010,1200 [1000 - 1300],1200,1000,1300
EUR,Europe,HRV,Croatia,2005,860 [730 - 950],860,730,950
EUR,Europe,HRV,Croatia,2000,560 [<500 - 630],560,0,630
EUR,Europe,IRL,Ireland,2023,8600 [7300 - 9700],8600,7300,9700
EUR,Europe,IRL,Ireland,2022,8000 [6800 - 9000],8000,6800,9000
EUR,Europe,IRL,Ireland,2021,7300 [6200 - 8300],7300,6200,8300
EUR,Europe,IRL,Ireland,2020,7100 [6100 - 8000],7100,6100,8000
EUR,Europe,IRL,Ireland,2015,5900 [5200 - 6400],5900,5200,6400
EUR,Europe,IRL,Ireland,2010,4600 [4100 - 5000],4600,4100,5000
EUR,Europe,IRL,Ireland,2005,3200 [2900 - 3400],3200,2900,3400
EUR,Europe,IRL,Ireland,2000,1900 [1700 - 2100],1900,1700,2100
EUR,Europe,ISL,Iceland,2023,<500 [<500 - <500],500,0,200
EUR,Europe,ISL,Iceland,2022,<500 [<500 - <500],500,0,200
EUR,Europe,ISL,Iceland,2021,<500 [<500 - <500],500,0,200
EUR,Europe,ISL,Iceland,2020,<500 [<500 - <500],500,0,200
EUR,Europe,ISL,Iceland,2015,<500 [<500 - <500],500,0,200
EUR,Europe,ISL,Iceland,2010,<200 [<200 - <500],200,0,200
EUR,Europe,ISL,Iceland,2005,<200 [<100 - <200],200,0,200
EUR,Europe,ISL,Iceland,2000,<100 [<100 - <200],100,0,200
EUR,Europe,ISR,Israel,2023,9600 [8000 - 11 000],9600,8000,11000
EUR,Europe,ISR,Israel,2022,9400 [7800 - 11 000],9400,7800,11000
EUR,Europe,ISR,Israel,2021,9100 [7700 - 10 000],9100,7700,10000
EUR,Europe,ISR,Israel,2020,8900 [7600 - 10 000],8900,7600,10000
EUR,Europe,ISR,Israel,2015,7400 [6500 - 8000],7400,6500,8000
EUR,Europe,ISR,Israel,2010,5900 [5200 - 6400],5900,5200,6400
EUR,Europe,ISR,Israel,2005,4500 [3900 - 5000],4500,3900,5000
EUR,Europe,ISR,Israel,2000,3100 [2600 - 3500],3100,2600,3500
EUR,Europe,ITA,Italy,2023,140 000 [120 000 - 160 000],140000,120000,160000
EUR,Europe,ITA,Italy,2022,140 000 [120 000 - 160 000],140000,120000,160000
EUR,Europe,ITA,Italy,2021,140 000 [120 000 - 160 000],140000,120000,160000
EUR,Europe,ITA,Italy,2020,140 000 [120 000 - 160 000],140000,120000,160000
EUR,Europe,ITA,Italy,2015,130 000 [120 000 - 150 000],130000,120000,150000
EUR,Europe,ITA,Italy,2010,120 000 [100 000 - 130 000],120000,100000,130000
EUR,Europe,ITA,Italy,2005,100 000 [88 000 - 110 000],100000,88000,110000
EUR,Europe,ITA,Italy,2000,81 000 [70 000 - 89 000],81000,70000,89000
EUR,Europe,KAZ,Kazakhstan,2023,40 000 [35 000 - 46 000],40000,35000,46000
EUR,Europe,KAZ,Kazakhstan,2022,38 000 [34 000 - 44 000],38000,34000,44000
EUR,Europe,KAZ,Kazakhstan,2021,37 000 [32 000 - 42 000],37000,32000,42000
EUR,Europe,KAZ,Kazakhstan,2020,35 000 [31 000 - 40 000],35000,31000,40000
EUR,Europe,KAZ,Kazakhstan,2015,27 000 [24 000 - 30 000],27000,24000,30000
EUR,Europe,KAZ,Kazakhstan,2010,17 000 [15 000 - 19 000],17000,15000,19000
EUR,Europe,KAZ,Kazakhstan,2005,8300 [7100 - 9700],8300,7100,9700
EUR,Europe,KAZ,Kazakhstan,2000,3600 [2800 - 4400],3600,2800,4400
EUR,Europe,KGZ,Kyrgyzstan,2023,12 000 [11 000 - 12 000],12000,11000,12000
EUR,Europe,KGZ,Kyrgyzstan,2022,11 000 [10 000 - 12 000],11000,10000,12000
EUR,Europe,KGZ,Kyrgyzstan,2021,10 000 [9700 - 11 000],10000,9700,11000
EUR,Europe,KGZ,Kyrgyzstan,2020,9900 [9200 - 11 000],9900,9200,11000
EUR,Europe,KGZ,Kyrgyzstan,2015,7100 [6500 - 7500],7100,6500,7500
EUR,Europe,KGZ,Kyrgyzstan,2010,4000 [3500 - 4300],4000,3500,4300
EUR,Europe,KGZ,Kyrgyzstan,2005,1200 [920 - 1500],1200,920,1500
EUR,Europe,KGZ,Kyrgyzstan,2000,<100 [<100 - <100],100,0,200
EUR,Europe,LTU,Lithuania,2023,3600 [3000 - 4400],3600,3000,4400
EUR,Europe,LTU,Lithuania,2022,3600 [3000 - 4300],3600,3000,4300
EUR,Europe,LTU,Lithuania,2021,3500 [3000 - 4000],3500,3000,4000
EUR,Europe,LTU,Lithuania,2020,3400 [3000 - 3800],3400,3000,3800
EUR,Europe,LTU,Lithuania,2015,2700 [2500 - 2900],2700,2500,2900
EUR,Europe,LTU,Lithuania,2010,2100 [1900 - 2300],2100,1900,2300
EUR,Europe,LTU,Lithuania,2005,1600 [1400 - 1700],1600,1400,1700
EUR,Europe,LTU,Lithuania,2000,1200 [1000 - 1400],1200,1000,1400
EUR,Europe,LUX,Luxembourg,2023,1600 [1400 - 1800],1600,1400,1800
EUR,Europe,LUX,Luxembourg,2022,1500 [1300 - 1700],1500,1300,1700
EUR,Europe,LUX,Luxembourg,2021,1400 [1200 - 1500],1400,1200,1500
EUR,Europe,LUX,Luxembourg,2020,1300 [1200 - 1500],1300,1200,1500
EUR,Europe,LUX,Luxembourg,2015,1000 [910 - 1200],1000,910,1200
EUR,Europe,LUX,Luxembourg,2010,760 [660 - 850],760,660,850
EUR,Europe,LUX,Luxembourg,2005,530 [<500 - 600],530,0,600
EUR,Europe,LUX,Luxembourg,2000,<500 [<500 - <500],500,0,200
EUR,Europe,LVA,Latvia,2023,6800 [6300 - 7300],6800,6300,7300
EUR,Europe,LVA,Latvia,2022,6900 [6400 - 7400],6900,6400,7400
EUR,Europe,LVA,Latvia,2021,6800 [6300 - 7400],6800,6300,7400
EUR,Europe,LVA,Latvia,2020,6700 [6200 - 7200],6700,6200,7200
EUR,Europe,LVA,Latvia,2015,5400 [5000 - 5800],5400,5000,5800
EUR,Europe,LVA,Latvia,2010,4600 [4200 - 4900],4600,4200,4900
EUR,Europe,LVA,Latvia,2005,4100 [3700 - 4400],4100,3700,4400
EUR,Europe,LVA,Latvia,2000,3300 [2900 - 3800],3300,2900,3800
EUR,Europe,MDA,Republic of Moldova,2023,16 000 [14 000 - 20 000],16000,14000,20000
EUR,Europe,MDA,Republic of Moldova,2022,16 000 [14 000 - 20 000],16000,14000,20000
EUR,Europe,MDA,Republic of Moldova,2021,16 000 [14 000 - 20 000],16000,14000,20000
EUR,Europe,MDA,Republic of Moldova,2020,16 000 [14 000 - 20 000],16000,14000,20000
EUR,Europe,MDA,Republic of Moldova,2015,16 000 [13 000 - 20 000],16000,13000,20000
EUR,Europe,MDA,Republic of Moldova,2010,16 000 [13 000 - 19 000],16000,13000,19000
EUR,Europe,MDA,Republic of Moldova,2005,14 000 [12 000 - 17 000],14000,12000,17000
EUR,Europe,MDA,Republic of Moldova,2000,8800 [7300 - 11 000],8800,7300,11000
EUR,Europe,MKD,North Macedonia,2023,650 [510 - 780],650,510,780
EUR,Europe,MKD,North Macedonia,2022,620 [<500 - 730],620,0,730
EUR,Europe,MKD,North Macedonia,2021,580 [<500 - 690],580,0,690
EUR,Europe,MKD,North Macedonia,2020,550 [<500 - 640],550,0,640
EUR,Europe,MKD,North Macedonia,2015,<500 [<500 - <500],500,0,200
EUR,Europe,MKD,North Macedonia,2010,<200 [<200 - <500],200,0,200
EUR,Europe,MKD,North Macedonia,2005,<100 [<100 - <100],100,0,200
EUR,Europe,MKD,North Macedonia,2000,<100 [<100 - <100],100,0,200
EUR,Europe,MLT,Malta,2023,920 [770 - 1100],920,770,1100
EUR,Europe,MLT,Malta,2022,870 [730 - 1000],870,730,1000
EUR,Europe,MLT,Malta,2021,830 [690 - 940],830,690,940
EUR,Europe,MLT,Malta,2020,780 [650 - 890],780,650,890
EUR,Europe,MLT,Malta,2015,560 [<500 - 630],560,0,630
EUR,Europe,MLT,Malta,2010,<500 [<500 - <500],500,0,200
EUR,Europe,MLT,Malta,2005,<500 [<200 - <500],500,0,200
EUR,Europe,MLT,Malta,2000,<200 [<100 - <200],200,0,200
EUR,Europe,MNE,Montenegro,2023,<500 [<500 - 520],500,0,520
EUR,Europe,MNE,Montenegro,2022,<500 [<500 - <500],500,0,200
EUR,Europe,MNE,Montenegro,2021,<500 [<500 - <500],500,0,200
EUR,Europe,MNE,Montenegro,2020,<500 [<500 - <500],500,0,200
EUR,Europe,MNE,Montenegro,2015,<500 [<500 - <500],500,0,200
EUR,Europe,MNE,Montenegro,2010,<200 [<200 - <500],200,0,200
EUR,Europe,MNE,Montenegro,2005,<200 [<100 - <200],200,0,200
EUR,Europe,MNE,Montenegro,2000,<100 [<100 - <100],100,0,200
EUR,Europe,NLD,Netherlands (Kingdom of the),2022,25 000 [21 000 - 28 000],25000,21000,28000
EUR,Europe,NLD,Netherlands (Kingdom of the),2021,24 000 [21 000 - 27 000],24000,21000,27000
EUR,Europe,NLD,Netherlands (Kingdom of the),2020,24 000 [21 000 - 27 000],24000,21000,27000
EUR,Europe,NLD,Netherlands (Kingdom of the),2015,22 000 [20 000 - 25 000],22000,20000,25000
EUR,Europe,NLD,Netherlands (Kingdom of the),2010,19 000 [18 000 - 21 000],19000,18000,21000
EUR,Europe,NLD,Netherlands (Kingdom of the),2005,15 000 [13 000 - 17 000],15000,13000,17000
EUR,Europe,NLD,Netherlands (Kingdom of the),2000,11 000 [9400 - 12 000],11000,9400,12000
EUR,Europe,PRT,Portugal,2023,47 000 [41 000 - 51 000],47000,41000,51000
EUR,Europe,PRT,Portugal,2022,47 000 [41 000 - 52 000],47000,41000,52000
EUR,Europe,PRT,Portugal,2021,47 000 [41 000 - 51 000],47000,41000,51000
EUR,Europe,PRT,Portugal,2020,46 000 [41 000 - 51 000],46000,41000,51000
EUR,Europe,PRT,Portugal,2015,44 000 [39 000 - 48 000],44000,39000,48000
EUR,Europe,PRT,Portugal,2010,42 000 [37 000 - 45 000],42000,37000,45000
EUR,Europe,PRT,Portugal,2005,38 000 [33 000 - 41 000],38000,33000,41000
EUR,Europe,PRT,Portugal,2000,33 000 [28 000 - 35 000],33000,28000,35000
EUR,Europe,ROU,Romania,2023,18 000 [16 000 - 21 000],18000,16000,21000
EUR,Europe,ROU,Romania,2022,18 000 [16 000 - 21 000],18000,16000,21000
EUR,Europe,ROU,Romania,2021,17 000 [15 000 - 19 000],17000,15000,19000
EUR,Europe,ROU,Romania,2020,17 000 [15 000 - 19 000],17000,15000,19000
EUR,Europe,ROU,Romania,2015,15 000 [14 000 - 17 000],15000,14000,17000
EUR,Europe,ROU,Romania,2010,14 000 [13 000 - 15 000],14000,13000,15000
EUR,Europe,ROU,Romania,2005,14 000 [13 000 - 15 000],14000,13000,15000
EUR,Europe,ROU,Romania,2000,13 000 [12 000 - 14 000],13000,12000,14000
EUR,Europe,SRB,Serbia,2023,4000 [3200 - 4600],4000,3200,4600
EUR,Europe,SRB,Serbia,2022,3800 [3100 - 4400],3800,3100,4400
EUR,Europe,SRB,Serbia,2021,3700 [3000 - 4200],3700,3000,4200
EUR,Europe,SRB,Serbia,2020,3500 [2800 - 4100],3500,2800,4100
EUR,Europe,SRB,Serbia,2015,2700 [2200 - 3200],2700,2200,3200
EUR,Europe,SRB,Serbia,2010,2000 [1600 - 2300],2000,1600,2300
EUR,Europe,SRB,Serbia,2005,1400 [1100 - 1600],1400,1100,1600
EUR,Europe,SRB,Serbia,2000,1000 [820 - 1200],1000,820,1200
EUR,Europe,SVK,Slovakia,2023,1700 [1400 - 2000],1700,1400,2000
EUR,Europe,SVK,Slovakia,2022,1600 [1400 - 1900],1600,1400,1900
EUR,Europe,SVK,Slovakia,2021,1400 [1100 - 1600],1400,1100,1600
EUR,Europe,SVK,Slovakia,2020,1300 [1000 - 1500],1300,1000,1500
EUR,Europe,SVK,Slovakia,2015,750 [630 - 870],750,630,870
EUR,Europe,SVK,Slovakia,2010,<500 [<500 - <500],500,0,200
EUR,Europe,SVK,Slovakia,2005,<500 [<200 - <500],500,0,200
EUR,Europe,SVK,Slovakia,2000,<200 [<200 - <200],200,0,200
EUR,Europe,SVN,Slovenia,2023,940 [760 - 1100],940,760,1100
EUR,Europe,SVN,Slovenia,2022,920 [750 - 1100],920,750,1100
EUR,Europe,SVN,Slovenia,2021,900 [730 - 1100],900,730,1100
EUR,Europe,SVN,Slovenia,2020,870 [700 - 1000],870,700,1000
EUR,Europe,SVN,Slovenia,2015,670 [540 - 780],670,540,780
EUR,Europe,SVN,Slovenia,2010,<500 [<500 - 530],500,0,530
EUR,Europe,SVN,Slovenia,2005,<500 [<500 - <500],500,0,200
EUR,Europe,SVN,Slovenia,2000,<200 [<200 - <500],200,0,200
EUR,Europe,TJK,Tajikistan,2023,15 000 [13 000 - 17 000],15000,13000,17000
EUR,Europe,TJK,Tajikistan,2022,14 000 [13 000 - 17 000],14000,13000,17000
EUR,Europe,TJK,Tajikistan,2021,14 000 [13 000 - 16 000],14000,13000,16000
EUR,Europe,TJK,Tajikistan,2020,14 000 [12 000 - 16 000],14000,12000,16000
EUR,Europe,TJK,Tajikistan,2015,11 000 [10000 - 13 000],11000,10000,13000
EUR,Europe,TJK,Tajikistan,2010,8800 [7300 - 10 000],8800,7300,10000
EUR,Europe,TJK,Tajikistan,2005,5800 [4600 - 7200],5800,4600,7200
EUR,Europe,TJK,Tajikistan,2000,2500 [1800 - 3400],2500,1800,3400
EUR,Europe,UKR,Ukraine,2021,240 000 [210 000 - 280 000],240000,210000,280000
EUR,Europe,UKR,Ukraine,2020,240 000 [210 000 - 280 000],240000,210000,280000
EUR,Europe,UKR,Ukraine,2015,240 000 [210 000 - 270 000],240000,210000,270000
EUR,Europe,UKR,Ukraine,2010,250 000 [220 000 - 280 000],250000,220000,280000
EUR,Europe,UKR,Ukraine,2005,250 000 [220 000 - 290 000],250000,220000,290000
EUR,Europe,UKR,Ukraine,2000,210 000 [180 000 - 260 000],210000,180000,260000
EUR,Europe,UZB,Uzbekistan,2023,62 000 [59 000 - 65 000],62000,59000,65000
EUR,Europe,UZB,Uzbekistan,2022,59 000 [56 000 - 62 000],59000,56000,62000
EUR,Europe,UZB,Uzbekistan,2021,56 000 [54 000 - 59 000],56000,54000,59000
EUR,Europe,UZB,Uzbekistan,2020,54 000 [51 000 - 56 000],54000,51000,56000
EUR,Europe,UZB,Uzbekistan,2015,39 000 [37 000 - 40 000],39000,37000,40000
EUR,Europe,UZB,Uzbekistan,2010,23 000 [20 000 - 25 000],23000,20000,25000
EUR,Europe,UZB,Uzbekistan,2005,6600 [3600 - 9000],6600,3600,9000
SEAR,South-East Asia,BGD,Bangladesh,2023,15 000 [15 000 - 16 000],15000,15000,16000
SEAR,South-East Asia,BGD,Bangladesh,2022,15 000 [14 000 - 15 000],15000,14000,15000
SEAR,South-East Asia,BGD,Bangladesh,2021,14 000 [14 000 - 15 000],14000,14000,15000
SEAR,South-East Asia,BGD,Bangladesh,2020,14 000 [13 000 - 14 000],14000,13000,14000
SEAR,South-East Asia,BGD,Bangladesh,2015,11 000 [11 000 - 11 000],11000,11000,11000
SEAR,South-East Asia,BGD,Bangladesh,2010,7200 [7100 - 7300],7200,7100,7300
SEAR,South-East Asia,BGD,Bangladesh,2005,4100 [4100 - 4200],4100,4100,4200
SEAR,South-East Asia,BGD,Bangladesh,2000,1100 [1100 - 1100],1100,1100,1100
SEAR,South-East Asia,BTN,Bhutan,2023,1300 [1000 - 1600],1300,1000,1600
SEAR,South-East Asia,BTN,Bhutan,2022,1200 [990 - 1500],1200,990,1500
SEAR,South-East Asia,BTN,Bhutan,2021,1200 [970 - 1400],1200,970,1400
SEAR,South-East Asia,BTN,Bhutan,2020,1200 [950 - 1400],1200,950,1400
SEAR,South-East Asia,BTN,Bhutan,2015,980 [830 - 1100],980,830,1100
SEAR,South-East Asia,BTN,Bhutan,2010,820 [720 - 920],820,720,920
SEAR,South-East Asia,BTN,Bhutan,2005,620 [510 - 760],620,510,760
SEAR,South-East Asia,BTN,Bhutan,2000,<500 [<500 - <500],500,0,200
SEAR,South-East Asia,IDN,Indonesia,2023,570 000 [520 000 - 630 000],570000,520000,630000
SEAR,South-East Asia,IDN,Indonesia,2022,570 000 [520 000 - 630 000],570000,520000,630000
SEAR,South-East Asia,IDN,Indonesia,2021,570 000 [520 000 - 620 000],570000,520000,620000
SEAR,South-East Asia,IDN,Indonesia,2020,570 000 [520 000 - 620 000],570000,520000,620000
SEAR,South-East Asia,IDN,Indonesia,2015,530 000 [490 000 - 580 000],530000,490000,580000
SEAR,South-East Asia,IDN,Indonesia,2010,420 000 [380 000 - 470 000],420000,380000,470000
SEAR,South-East Asia,IDN,Indonesia,2005,240 000 [210 000 - 260 000],240000,210000,260000
SEAR,South-East Asia,IDN,Indonesia,2000,43 000 [37 000 - 48 000],43000,37000,48000
SEAR,South-East Asia,IND,India,2023,2 500 000 [2 200 000 - 3 000 000],2500,2200000,3000000
SEAR,South-East Asia,LKA,Sri Lanka,2023,4700 [4400 - 5000],4700,4400,5000
SEAR,South-East Asia,LKA,Sri Lanka,2022,4700 [4400 - 4900],4700,4400,4900
SEAR,South-East Asia,LKA,Sri Lanka,2021,4600 [4400 - 4900],4600,4400,4900
SEAR,South-East Asia,LKA,Sri Lanka,2020,4600 [4400 - 4800],4600,4400,4800
SEAR,South-East Asia,LKA,Sri Lanka,2015,4500 [4300 - 4600],4500,4300,4600
SEAR,South-East Asia,LKA,Sri Lanka,2010,4300 [4200 - 4500],4300,4200,4500
SEAR,South-East Asia,LKA,Sri Lanka,2005,3800 [3800 - 3900],3800,3800,3900
SEAR,South-East Asia,LKA,Sri Lanka,2000,2400 [2300 - 2400],2400,2300,2400
SEAR,South-East Asia,MMR,Myanmar,2023,280 000 [220 000 - 340 000],280000,220000,340000
SEAR,South-East Asia,MMR,Myanmar,2022,280 000 [220 000 - 340 000],280000,220000,340000
SEAR,South-East Asia,MMR,Myanmar,2021,280 000 [220 000 - 330 000],280000,220000,330000
SEAR,South-East Asia,MMR,Myanmar,2020,270 000 [220 000 - 320 000],270000,220000,320000
SEAR,South-East Asia,MMR,Myanmar,2015,260 000 [230 000 - 290 000],260000,230000,290000
SEAR,South-East Asia,MMR,Myanmar,2010,240 000 [220 000 - 270 000],240000,220000,270000
SEAR,South-East Asia,MMR,Myanmar,2005,220 000 [200 000 - 240 000],220000,200000,240000
SEAR,South-East Asia,MMR,Myanmar,2000,160 000 [140 000 - 180 000],160000,140000,180000
SEAR,South-East Asia,NPL,Nepal,2023,30 000 [27 000 - 33 000],30000,27000,33000
SEAR,South-East Asia,NPL,Nepal,2022,30 000 [27 000 - 33 000],30000,27000,33000
SEAR,South-East Asia,NPL,Nepal,2021,30 000 [28 000 - 33 000],30000,28000,33000
SEAR,South-East Asia,NPL,Nepal,2020,30 000 [27 000 - 33 000],30000,27000,33000
SEAR,South-East Asia,NPL,Nepal,2015,31 000 [29 000 - 34 000],31000,29000,34000
SEAR,South-East Asia,NPL,Nepal,2010,34 000 [31 000 - 37 000],34000,31000,37000
SEAR,South-East Asia,NPL,Nepal,2005,33 000 [29 000 - 37 000],33000,29000,37000
SEAR,South-East Asia,NPL,Nepal,2000,20 000 [17 000 - 22 000],20000,17000,22000
SEAR,South-East Asia,THA,Thailand,2023,580 000 [500 000 - 660 000],580000,500000,660000
SEAR,South-East Asia,THA,Thailand,2022,580 000 [510 000 - 670 000],580000,510000,670000
SEAR,South-East Asia,THA,Thailand,2021,590 000 [520 000 - 670 000],590000,520000,670000
SEAR,South-East Asia,THA,Thailand,2020,590 000 [530 000 - 680 000],590000,530000,680000
SEAR,South-East Asia,THA,Thailand,2015,640 000 [580 000 - 730 000],640000,580000,730000
SEAR,South-East Asia,THA,Thailand,2010,720 000 [630 000 - 790 000],720000,630000,790000
SEAR,South-East Asia,THA,Thailand,2005,810 000 [720 000 - 910 000],810000,720000,910000
SEAR,South-East Asia,THA,Thailand,2000,920 000 [820 000 - 1 000 000],920000,820000,1000000
SEAR,South-East Asia,TLS,Timor-Leste,2023,1700 [1600 - 2000],1700,1600,2000
SEAR,South-East Asia,TLS,Timor-Leste,2022,1700 [1500 - 1900],1700,1500,1900
SEAR,South-East Asia,TLS,Timor-Leste,2021,1600 [1500 - 1800],1600,1500,1800
SEAR,South-East Asia,TLS,Timor-Leste,2020,1500 [1400 - 1800],1500,1400,1800
SEAR,South-East Asia,TLS,Timor-Leste,2015,1300 [1100 - 1400],1300,1100,1400
SEAR,South-East Asia,TLS,Timor-Leste,2010,1000 [880 - 1300],1000,880,1300
SEAR,South-East Asia,TLS,Timor-Leste,2005,810 [690 - 1100],810,690,1100
SEAR,South-East Asia,TLS,Timor-Leste,2000,590 [500 - 780],590,500,780
WPR,Western Pacific,AUS,Australia,2023,29 000 [26 000 - 33 000],29000,26000,33000
WPR,Western Pacific,AUS,Australia,2022,29 000 [26 000 - 32 000],29000,26000,32000
WPR,Western Pacific,AUS,Australia,2021,29 000 [26 000 - 32 000],29000,26000,32000
WPR,Western Pacific,AUS,Australia,2020,28 000 [26 000 - 31 000],28000,26000,31000
WPR,Western Pacific,AUS,Australia,2015,25 000 [23 000 - 27 000],25000,23000,27000
WPR,Western Pacific,AUS,Australia,2010,20 000 [19 000 - 22 000],20000,19000,22000
WPR,Western Pacific,AUS,Australia,2005,16 000 [15 000 - 17 000],16000,15000,17000
WPR,Western Pacific,AUS,Australia,2000,12 000 [12 000 - 13 000],12000,12000,13000
WPR,Western Pacific,FJI,Fiji,2023,2600 [1700 - 4800],2600,1700,4800
WPR,Western Pacific,FJI,Fiji,2022,2300 [1500 - 4300],2300,1500,4300
WPR,Western Pacific,FJI,Fiji,2021,2100 [1400 - 3800],2100,1400,3800
WPR,Western Pacific,FJI,Fiji,2020,1900 [1300 - 3400],1900,1300,3400
WPR,Western Pacific,FJI,Fiji,2015,1100 [840 - 1900],1100,840,1900
WPR,Western Pacific,FJI,Fiji,2010,660 [520 - 1000],660,520,1000
WPR,Western Pacific,FJI,Fiji,2005,<500 [<500 - 690],500,0,690
WPR,Western Pacific,FJI,Fiji,2000,<200 [<200 - 620],200,0,620
WPR,Western Pacific,KHM,Cambodia,2023,76 000 [65 000 - 87 000],76000,65000,87000
WPR,Western Pacific,KHM,Cambodia,2022,76 000 [66 000 - 88 000],76000,66000,88000
WPR,Western Pacific,KHM,Cambodia,2021,77 000 [67 000 - 88 000],77000,67000,88000
WPR,Western Pacific,KHM,Cambodia,2020,78 000 [68 000 - 88 000],78000,68000,88000
WPR,Western Pacific,KHM,Cambodia,2015,81 000 [72 000 - 91 000],81000,72000,91000
WPR,Western Pacific,KHM,Cambodia,2010,84 000 [74 000 - 93 000],84000,74000,93000
WPR,Western Pacific,KHM,Cambodia,2005,84 000 [74 000 - 95 000],84000,74000,95000
WPR,Western Pacific,KHM,Cambodia,2000,83 000 [72 000 - 94 000],83000,72000,94000
WPR,Western Pacific,LAO,Lao People's Democratic Republic,2023,20 000 [17 000 - 22 000],20000,17000,22000
WPR,Western Pacific,LAO,Lao People's Democratic Republic,2022,19 000 [17 000 - 21 000],19000,17000,21000
WPR,Western Pacific,LAO,Lao People's Democratic Republic,2021,18 000 [16 000 - 20 000],18000,16000,20000
WPR,Western Pacific,LAO,Lao People's Democratic Republic,2020,17 000 [15 000 - 19 000],17000,15000,19000
WPR,Western Pacific,LAO,Lao People's Democratic Republic,2015,13 000 [12 000 - 15 000],13000,12000,15000
WPR,Western Pacific,LAO,Lao People's Democratic Republic,2010,9500 [8600 - 10 000],9500,8600,10000
WPR,Western Pacific,LAO,Lao People's Democratic Republic,2005,5600 [5100 - 6200],5600,5100,6200
WPR,Western Pacific,LAO,Lao People's Democratic Republic,2000,2300 [2100 - 2600],2300,2100,2600
WPR,Western Pacific,MNG,Mongolia,2023,670 [600 - 750],670,600,750
WPR,Western Pacific,MNG,Mongolia,2022,650 [580 - 730],650,580,730
WPR,Western Pacific,MNG,Mongolia,2021,640 [570 - 710],640,570,710
WPR,Western Pacific,MNG,Mongolia,2020,620 [550 - 690],620,550,690
WPR,Western Pacific,MNG,Mongolia,2015,520 [<500 - 580],520,0,580
WPR,Western Pacific,MNG,Mongolia,2010,<500 [<500 - <500],500,0,200
WPR,Western Pacific,MNG,Mongolia,2005,<500 [<500 - <500],500,0,200
WPR,Western Pacific,MNG,Mongolia,2000,<100 [<100 - <100],100,0,200
WPR,Western Pacific,MYS,Malaysia,2023,85 000 [77 000 - 94 000],85000,77000,94000
WPR,Western Pacific,MYS,Malaysia,2022,85 000 [77 000 - 94 000],85000,77000,94000
WPR,Western Pacific,MYS,Malaysia,2021,85 000 [77 000 - 94 000],85000,77000,94000
WPR,Western Pacific,MYS,Malaysia,2020,85 000 [77 000 - 93 000],85000,77000,93000
WPR,Western Pacific,MYS,Malaysia,2015,81 000 [73 000 - 88 000],81000,73000,88000
WPR,Western Pacific,MYS,Malaysia,2010,74 000 [66 000 - 81 000],74000,66000,81000
WPR,Western Pacific,MYS,Malaysia,2005,63 000 [54 000 - 71 000],63000,54000,71000
WPR,Western Pacific,MYS,Malaysia,2000,53 000 [45 000 - 61 000],53000,45000,61000
WPR,Western Pacific,NZL,New Zealand,2023,3600 [3100 - 4200],3600,3100,4200
WPR,Western Pacific,NZL,New Zealand,2022,3600 [3000 - 4100],3600,3000,4100
WPR,Western Pacific,NZL,New Zealand,2021,3600 [3000 - 4100],3600,3000,4100
WPR,Western Pacific,NZL,New Zealand,2020,3500 [3000 - 4000],3500,3000,4000
WPR,Western Pacific,NZL,New Zealand,2015,3000 [2600 - 3400],3000,2600,3400
WPR,Western Pacific,NZL,New Zealand,2010,2400 [2000 - 2700],2400,2000,2700
WPR,Western Pacific,NZL,New Zealand,2005,1700 [1500 - 2000],1700,1500,2000
WPR,Western Pacific,NZL,New Zealand,2000,1200 [1100 - 1400],1200,1100,1400
WPR,Western Pacific,PHL,Philippines,2023,190 000 [160 000 - 220 000],190000,160000,220000
WPR,Western Pacific,PHL,Philippines,2022,160 000 [140 000 - 190 000],160000,140000,190000
WPR,Western Pacific,PHL,Philippines,2021,140 000 [120 000 - 160 000],140000,120000,160000
WPR,Western Pacific,PHL,Philippines,2020,120 000 [100 000 - 140 000],120000,100000,140000
WPR,Western Pacific,PHL,Philippines,2015,53 000 [45 000 - 61 000],53000,45000,61000
WPR,Western Pacific,PHL,Philippines,2010,18 000 [15 000 - 21 000],18000,15000,21000
WPR,Western Pacific,PHL,Philippines,2005,4300 [3600 - 4900],4300,3600,4900
WPR,Western Pacific,PHL,Philippines,2000,1100 [970 - 1300],1100,970,1300
WPR,Western Pacific,PNG,Papua New Guinea,2023,77 000 [69 000 - 86 000],77000,69000,86000
WPR,Western Pacific,PNG,Papua New Guinea,2022,71 000 [64 000 - 80 000],71000,64000,80000
WPR,Western Pacific,PNG,Papua New Guinea,2021,67 000 [61 000 - 74 000],67000,61000,74000
WPR,Western Pacific,PNG,Papua New Guinea,2020,62 000 [57 000 - 70 000],62000,57000,70000
WPR,Western Pacific,PNG,Papua New Guinea,2015,45 000 [42 000 - 49 000],45000,42000,49000
WPR,Western Pacific,PNG,Papua New Guinea,2010,33 000 [30 000 - 36 000],33000,30000,36000
WPR,Western Pacific,PNG,Papua New Guinea,2005,23 000 [21 000 - 25 000],23000,21000,25000
WPR,Western Pacific,PNG,Papua New Guinea,2000,14 000 [13 000 - 16 000],14000,13000,16000
WPR,Western Pacific,SGP,Singapore,2023,8100 [6400 - 9200],8100,6400,9200
WPR,Western Pacific,SGP,Singapore,2022,8000 [6300 - 9100],8000,6300,9100
WPR,Western Pacific,SGP,Singapore,2021,7800 [6200 - 8900],7800,6200,8900
WPR,Western Pacific,SGP,Singapore,2020,7600 [6000 - 8600],7600,6000,8600
WPR,Western Pacific,SGP,Singapore,2015,6100 [4800 - 6800],6100,4800,6800
WPR,Western Pacific,SGP,Singapore,2010,4000 [3300 - 4400],4000,3300,4400
WPR,Western Pacific,SGP,Singapore,2005,2300 [1900 - 2500],2300,1900,2500
WPR,Western Pacific,SGP,Singapore,2000,1100 [1000 - 1300],1100,1000,1300
WPR,Western Pacific,VNM,Viet Nam,2023,250 000 [230 000 - 270 000],250000,230000,270000
WPR,Western Pacific,VNM,Viet Nam,2022,250 000 [230 000 - 270 000],250000,230000,270000
WPR,Western Pacific,VNM,Viet Nam,2021,250 000 [230 000 - 270 000],250000,230000,270000
WPR,Western Pacific,VNM,Viet Nam,2020,250 000 [230 000 - 270 000],250000,230000,270000
WPR,Western Pacific,VNM,Viet Nam,2015,240 000 [210 000 - 260 000],240000,210000,260000
WPR,Western Pacific,VNM,Viet Nam,2010,210 000 [190 000 - 230 000],210000,190000,230000
WPR,Western Pacific,VNM,Viet Nam,2005,180 000 [150 000 - 200 000],180000,150000,200000
WPR,Western Pacific,VNM,Viet Nam,2000,120 000 [100 000 - 140 000],120000,100000,140000
